FIPS,Socioeconomic,HouseholdCompDisab,MinorityLang,HousingTransp,Total
2000100,-999.0,-999.0,0.8008,-999.0,-999.0
2000200,0.8981,0.9857,0.9392,0.4577,0.9201
2000400,0.5524,0.583,0.8093,0.27,0.5707
2001600,0.8249,0.9391,0.8666,0.9291,0.9452
2001900,0.9231,0.7489,0.8258,0.9378,0.9434
2002000,0.9855,0.9106,0.9085,0.6189,0.9421
2002300,0.9938,0.9736,0.9707,0.8492,0.988
2002400,0.0008,0.3106,0.3198,0.3674,0.0981
2002500,0.9540000000000001,0.9182,0.9839,0.765,0.9591
2002701,0.9525,0.9537,0.9821,0.7669,0.9649
2002702,0.9791,0.9471,0.9701,0.9805,0.9959
2002800,0.4838,0.9091,0.7951,0.6196,0.7589
2003100,0.7918,0.4,0.9718,0.7453,0.8334
2003300,0.9979,0.9271,0.9301,0.7259,0.9639
2003500,0.9704,0.8499,0.9604,0.9211,0.9768
2003700,0.9511,0.1483,0.8089,0.3311,0.7145
2003800,0.8811,0.684,0.9235,0.5228,0.8544
2003900,0.9507,0.8017,0.9625,0.9354,0.9693
2004001,0.8378,0.7559,0.8773,0.4349,0.8239
2004100,0.9927,0.8938,0.9538,0.9235,0.9867
2004200,0.8983,0.9849,0.8231,0.4956,0.9124
2004300,0.9896,0.9277,0.9911,0.9161,0.9905
2004400,0.9946,0.9913,0.8788,0.9985,1.0
2004600,0.9264,0.9777,0.8454,0.9024,0.9714
2004800,0.9646,0.5417,0.9887,0.88,0.9417
2005001,0.9876,0.9496,0.9866,0.9654,0.9954
2005002,0.9849,0.8672,0.9903,0.9693,0.9917
2005100,0.9832,0.9771,0.9713,0.9252,0.9929
2005200,0.7143,0.9688,0.9882,0.7335,0.9095
2005300,0.9985,0.937,0.9105,0.7611,0.968
2005400,0.9364,0.8158,0.9901,0.815,0.9467
2005600,0.9782,0.9971,0.9895,0.6525,0.9793
2005902,0.7402,0.8982,0.9311,0.6689,0.8747
2006000,0.9604,0.7024,0.9670000000000001,0.6635,0.9191
2006100,0.5713,0.5537,0.8056,0.4959,0.6589
2006200,0.988,0.9465,0.9633,0.9849,0.9979
2006300,0.8537,0.8837,0.9212,0.9142,0.9454
2006400,0.8388,0.9934,0.9388,0.5197,0.9178
2006500,0.9666,0.8674,0.9377,0.9664,0.9851
2006700,0.9403,0.9265,0.9957,0.8659,0.9741
2006800,0.8769,0.9246,0.941,0.5441,0.9081
2006900,0.8813,0.9333,0.9435,0.9198,0.9647
2007000,0.8353,0.8181,0.9728,0.8527,0.927
2007100,0.857,0.7575,0.9239,0.9018,0.9293
2007200,0.9289,0.6547,0.9278,0.6761,0.8965
2007300,0.9944,0.8003,0.9829,0.9505,0.9855
2007400,0.8127,0.8755,0.8202,0.3765,0.821
2007500,0.9335,0.9711,0.9064,0.8608,0.9689
2007600,0.9569,0.7625,0.9621,0.6191,0.9199
2007700,0.9606,0.8848,0.9637,0.9134,0.9772
2007800,0.9051,0.8639,0.9771,0.8009,0.9425
2007900,0.9859,0.9612,0.9940000000000001,0.9472,0.9942
2008300,0.9747,0.8389,0.9798,0.8574,0.9664
2008400,0.5839,0.7451,0.8588,0.1332,0.5737
2008500,0.9644,0.8399,0.9751,0.9683,0.9849
2008600,0.9144,0.9796,0.9520000000000001,0.7022,0.9492
2008700,0.9805,0.7392,0.9718,0.9511,0.9759
2008900,0.9283,0.975,0.9831,0.8301,0.9728
2009000,0.9259999999999999,0.9643,0.8814,0.855,0.9602
2009200,0.8925,0.7363,0.9025,0.6471,0.8869
2009300,0.9438,0.6921,0.9804,0.9708,0.9697
2009600,0.9233,0.9948,0.9027,0.9917,0.9977
2009800,0.6581,0.6324,0.8235,0.9101,0.8467
2011000,-999.0,-999.0,-999.0,-999.0,-999.0
2011502,0.9722,0.8102,0.9784,0.97,0.9844
2011700,0.9826,0.7138,0.961,0.9758,0.9801
2011800,0.4432,0.1751,0.4414,0.5008,0.3902
2011900,0.9793,0.8459,0.9656,0.9055,0.9751
2012101,0.892,0.5907,0.9454,0.9942,0.9683
2012102,0.9923,0.8145,0.9295,0.5334,0.9228
2012300,0.7719,0.8645,0.9559,0.9925,0.9674
2012500,0.9422,0.8651,0.9513,0.7634,0.9432
2012701,0.763,0.8656,0.9474,0.9039,0.9253
2012901,0.9467,0.9606,0.9449,0.9412,0.9865
2013000,0.4536,0.4924,0.6033,0.0294,0.2747
2013100,0.9486,0.8928,0.9276,0.914,0.9724
2013200,0.2269,0.5622,0.586,0.3029,0.3504
2013300,0.9401,0.8839,0.966,0.9832,0.9894
2013500,0.9322,0.9707,0.9497,0.7099,0.9504
2013800,0.5387,0.8571,0.6396,0.5029,0.6944
2014100,0.9001,0.8777,0.9503,0.9681,0.9734
2014300,0.9608,0.8048,0.9338,0.7667,0.9398
2014400,0.9451,0.9940000000000001,0.8827,0.7277,0.96
2014500,0.9739,0.8643,0.9324,0.9778,0.9892
2014701,0.9998,0.9597,0.94,0.9712,0.9967
2014702,0.9242,0.9359999999999999,0.9722,0.6979,0.9429
2014900,0.9795,0.8893,0.9557,0.9751,0.9913
2015100,0.9295,0.8265,0.9695,0.9828,0.9824
2015200,0.7422,0.9690000000000001,0.652,0.1204,0.6932
2015300,0.9374,0.6764,0.9575,0.8139,0.929
2015500,0.9816,0.9548,0.9773,0.6913,0.9616
2015700,0.9492,0.8170000000000001,0.9458,0.9045,0.9612
2015800,0.5943,0.9884,0.7085,0.5705,0.8141
2015900,0.9333,0.9779,0.9928,0.5802,0.945
2016000,0.5547,0.7788,0.6412,0.1813,0.5475
2016100,0.9884,0.8959,0.9713,0.8143,0.9705
2016200,0.586,0.7443,0.7204,0.4084,0.6672
2016300,-999.0,-999.0,-999.0,-999.0,-999.0
2016400,0.3183,0.8003,0.474,0.5472,0.5353
2016500,0.8997,0.8133,0.9033,0.7078,0.9112
2016600,0.6419,0.6576,0.7715,0.3556,0.6629
2016700,0.9590000000000001,0.8831,0.9047,0.9996,0.9985
2016900,0.9801,0.8556,0.9658,0.9565,0.9861
2017100,-999.0,-999.0,-999.0,-999.0,-999.0
2017300,0.9341,0.8827,0.9742,0.9461,0.978
2017500,0.97,0.9746,0.9841,0.8995,0.9898
2017701,0.9536,0.9498,0.9922,0.9722,0.9938
2017702,0.9584,0.9259,0.9891,0.8632,0.9763
2017901,0.9391,0.8139,0.9951,0.9499,0.9753
2017902,0.978,0.6873,0.9895,0.9538,0.9737
2018101,0.9397,0.8441,0.9876,0.8875,0.9643
2018102,0.9733,0.8713,0.9672,0.9836,0.9927
2018301,0.8413,0.8309,0.9606,0.7549,0.912
2018302,0.8945,0.7146,0.9753,0.7472,0.9129
2018400,0.6007,0.634,0.6303,0.1902,0.5288
2018500,0.9571,0.9143,0.9526,0.9764,0.9911
2018900,0.8844,0.8951,0.9351,0.9695,0.972
2019300,0.983,0.924,0.973,0.7354,0.9629
2019400,0.8742,0.8895,0.7707,0.4523,0.8568
2019500,0.9565,0.8393,0.9779,0.9801,0.9888
2019700,0.9368,0.7321,0.9915,0.8214,0.9405
2019900,0.9271,0.8965,0.9726,0.7696,0.9463
2020000,0.9281,0.5898,0.9458,0.9146,0.9371
2020100,0.8603,0.9523,0.9588,0.9782,0.9809
2020200,0.8112,0.8713,0.8986,0.8589,0.9216
2020400,0.8736,0.27699999999999997,0.8847,0.7694,0.8357
2020501,0.9673,0.9451,0.9878,0.8498,0.9788
2020502,0.966,0.9952,0.9885,0.9857,0.9996
2020601,0.8806,0.1347,0.9293,0.736,0.8035
2020900,0.7702,0.6865,0.9647,0.7855,0.8743
2021001,0.6954,0.4461,0.8788,0.8208,0.8017
2021002,0.7445,0.4686,0.8711,0.7120000000000001,0.7913
2021100,0.9799,0.8437,0.9740000000000001,0.9476,0.9836
2021200,0.7549,0.4762,0.833,0.6898,0.7811
2021301,0.9501,0.7392,0.9394,0.7414,0.9257
2021302,0.9695,0.723,0.9864,0.9136,0.9658
2021501,0.9602,0.9033,0.9837,0.9739,0.9915
2021502,0.9758,0.8608,0.9955,0.9675,0.9909
2021601,0.93,0.7619,0.8759,0.8419,0.9311
2021602,0.8562,0.5735,0.9225,0.706,0.8608
2021700,0.9755,0.8544,0.9581,0.9789,0.9902
2021800,0.8862,0.8905,0.9355,0.8678,0.9461
2021900,0.9731,0.7495,0.9936,0.9642,0.9811
2022000,0.9706,0.9376,0.9734,0.9629,0.9925
2022101,0.9557,0.8116,0.9979,0.7979999999999999,0.9519
2022102,0.9921,0.8819,0.9984,0.8181,0.9749
2022200,0.8154,0.4767,0.9097,0.9192,0.89
2022300,0.9712,0.8342,0.9946,0.7648,0.9539
2022401,0.794,0.4465,0.8297,0.8293,0.8386
2022403,0.8722,0.8319,0.8049,0.6948,0.8911
2022404,0.6819,0.2821,0.794,0.9132,0.7932
2022500,0.9476,0.7652,0.9918,0.9807,0.983
2022701,0.9420000000000001,0.8086,0.9858,0.9994,0.9975
2022702,0.9639,0.5523,0.9757,0.7775,0.9226
2022703,0.8947,0.6956,0.9732,0.7833,0.9159999999999999
2022800,0.8245,0.8552,0.8419,0.6981,0.8826
2022901,0.9484,0.8166,0.9685,0.7445,0.938
2022902,0.9675,0.7776,0.992,0.9959,0.9961
2023000,0.8643,0.8247,0.8068,0.6736,0.8828
2023100,0.9919,0.7609999999999999,0.9431,0.9824,0.9873
2023200,0.8958,0.9862,0.8398,0.7652,0.9438
2023301,0.9496,0.6452,0.9831,0.9561,0.9618
2023302,0.9656,0.9002,0.9905,0.9809,0.9940000000000001
2023501,0.9573,0.8331,0.9973,0.7545,0.9496
2023502,0.9494,0.8509,0.9965,0.9625,0.9842
2023600,0.9523,0.9767,0.8408,0.8657,0.9703
2023702,0.9594,0.8662,0.9934,0.9546,0.9863
2023703,0.9901,0.8199,0.9794,0.9847,0.9934
2023704,0.9934,0.9283,0.9969,0.9345,0.9936
2023800,0.8465,0.8278,0.8289,0.3357,0.8102
2023900,0.9872,0.6948,0.9971,0.9673,0.982
2024000,0.9119,0.6881,0.8998,0.4503,0.8504
2024100,0.9318,0.7796,0.9662,0.9666,0.9712
2024300,0.9258,0.9269,0.9802,0.8695,0.9687
2024400,0.6641,0.8290000000000001,0.7551,0.3566,0.7176
2024501,0.9878,0.9261,0.9963,0.9973,0.9998
2024502,0.9548,0.919,0.9965,0.965,0.9921
2024600,0.7735,0.721,0.7109,0.3386,0.7239
2024700,0.8539,0.8228,0.9472,0.7041,0.9041
2024800,0.7,0.2772,0.7346,0.7225,0.7085
2024900,-999.0,-999.0,-999.0,-999.0,-999.0
2025000,0.551,0.9922,0.6427,0.2748,0.7027
2025100,0.9211,0.5112,0.9932,0.9944,0.9739
2025200,0.6324,0.3738,0.6946,0.6107,0.6573
2025300,0.9414,0.8558,0.9959,0.971,0.9857
2025400,0.7151,0.6109,0.6289,0.6962,0.7535
2025500,0.9519,0.8183,0.988,0.9671,0.9813
2025600,0.8993,0.5366,0.7839,0.8736,0.8963
2025700,0.7387,0.0741,0.9862,0.9447,0.8044
2026100,0.2018,0.4812,0.7903,0.9088,0.6253
2026300,0.9277,0.9969,0.919,0.9724,0.9952
2026400,0.6214,0.8463,0.7282,0.4528,0.7272
2026500,0.9542,0.5169,0.9814,0.9979,0.9884
2026601,0.5265,0.8876,0.6614,0.5986,0.7328
2026602,0.7994,0.9657,0.7049,0.7221,0.8929
2026701,0.8864,0.5037,0.9567,0.7847,0.8886
2026702,0.9432,0.7065,0.9767,0.8686,0.9440000000000001
2026900,0.8574,0.8561,0.9691,0.9258,0.9508
2027300,0.9256,0.9044,0.9689,0.9971,0.9971
2027401,0.2706,0.7069,0.5384,0.3427,0.4214
2027402,0.3626,0.7053,0.5322,0.4474,0.5093
2027600,-999.0,0.0615,1.0,0.4003,-999.0
2027700,0.9082,0.9178,0.9184,0.873,0.9556
2027900,0.6631,0.9449,0.847,0.9405,0.9174
2028100,0.5827,0.5758,0.7249,0.8742,0.7726
2028300,0.9747,0.9529,0.894,0.8137,0.9668
2028400,0.8902,0.4711,0.7089,0.7035,0.8299
2028500,0.6492,0.2063,0.627,0.794,0.6691
2028600,0.3862,0.20800000000000002,0.6392,0.2109,0.3162
2028700,0.6585,0.5653,0.8367,0.7516,0.7774
2028800,0.4644,0.4199,0.6328,0.4376,0.5131
2028900,0.7731,0.7507,0.8967,0.9608,0.9224
2029301,0.1299,0.2069,0.4532,0.7346,0.3197
2029302,0.155,0.6278,0.5004,0.7899,0.4888
2029500,0.2041,0.4688,0.426,0.9646,0.5641
2029600,0.47,0.0628,0.6773,0.8684,0.5508
2029700,0.1977,0.9083,0.4602,0.8643,0.6361
2030000,0.4538,0.1881,0.7227,0.5794,0.5172
2030100,0.2453,0.4036,0.6313,0.7998,0.5297
2030200,0.6606,0.8428,0.5854,0.7884,0.8064
2030701,0.2356,0.6809,0.4623,0.3746,0.3788
2030900,0.3529,0.5824,0.5404,0.769,0.5844
2031000,0.4867,0.5805,0.7173,0.6291,0.6498
2031200,0.3545,0.8379,0.6544,0.3952,0.5672
2031400,0.4167,0.8096,0.6788,0.5781,0.6544
2031600,0.5698,0.6974,0.7138,0.2735,0.589
2031800,0.7201,0.3455,0.7847,0.6459,0.7212
2031900,0.8007,0.0099,0.3351,-999.0,-999.0
2032300,0.1987,0.5477,0.4924,0.8282,0.5089
2032400,0.995,0.8978,0.8542,0.7971,0.9587
2032600,0.7196,0.5423,0.8039,0.6765,0.7689
2032800,0.9312,0.982,0.888,0.8185,0.9635
2033000,0.9184,0.26,0.7854,0.7978,0.8459
2033201,0.8614,0.8798,0.8854,0.8761,0.9367
2033202,0.8189,0.9298,0.8241,0.9981,0.9846
2033400,0.4896,0.0861,0.5965,0.0642,0.2025
2033500,0.2862,0.1475,0.4565,0.6158,0.3405
2033600,0.9227,0.9025,0.7821,0.6274,0.9114
2033700,0.3301,0.7499,0.6099,0.5663,0.5701
2033800,0.9235,0.6596,0.9087,0.8417,0.922
2034000,0.8956,0.8197,0.893,0.6799,0.9031
2034200,0.8087,0.8137,0.8672,0.3297,0.7915
2034300,0.5294,0.8569,0.7190000000000001,0.8647,0.8176
2034400,0.6247,0.5165,0.8963,0.5468,0.7073
2034500,0.6616,0.7489,0.7004,0.7992,0.8085
2034800,0.7136,0.9744,0.8128,0.8253,0.9059999999999999
2035000,0.4041,0.3589,0.8264,0.1693,0.3948
2035100,0.4196,0.1223,0.5777,0.9811,0.6442
2035600,0.5829,0.6859,0.5204,0.1892,0.4948
2035800,0.6654,0.2823,0.7759,0.6421,0.6788
2035900,0.9774,0.9963,0.9736,0.6645,0.9766
2036000,0.6703,0.8187,0.7711,0.524,0.7683
2036100,0.9753,0.956,0.9942,0.8237,0.9797
2036300,0.9973,0.9108,0.9402,0.9119,0.9871
2036400,0.4845,0.7264,0.7245,0.4138,0.6193
2036501,0.9789,0.9385,0.9429,0.9909,0.9973
2036502,0.9186,0.8773,0.9761,0.9339,0.9718
2036700,0.9845,0.8709,0.9111,0.9047,0.9743
2036800,0.8506,0.8383,0.7775,0.8247,0.9089
2036901,0.9869,0.9684,0.9825,0.9540000000000001,0.9948
2036902,0.9981,0.9490000000000001,0.9485,0.9579,0.9944
2037000,0.7826,0.8321,0.8037,0.2439,0.7427
2037100,0.8909999999999999,0.9696,0.9421,0.8856,0.9662
2037200,0.8342,0.7993,0.8767,0.8454,0.9108
2037300,0.9581,0.9601,0.9406,0.9368,0.9876
2037400,0.9445,0.8705,0.8693,0.6906,0.9266
2037504,0.9853,0.9732,0.9439,0.9716,0.9956
2037600,0.8504,0.892,0.9326,0.9219,0.9502
2037800,0.9304,0.8907,0.9186,0.8676,0.9558
2037900,0.9909,0.7724,0.9746,0.982,0.9896
2038000,0.9339,0.8806,0.8561,0.7522,0.9332
2038100,0.9101,0.7902,0.9928,0.9536,0.9666
2038200,0.8898,0.8934,0.7608,0.5218,0.878
2038301,0.948,0.8286,0.9944,0.9774,0.9869
2038302,0.9965,0.938,0.9709,0.9749,0.9963
2038500,0.9882,0.9428,0.9856,0.9687,0.995
2038600,0.7232,0.6848,0.8311,0.7967,0.8398
2038700,0.9840000000000001,0.6464,0.9151,0.9403,0.9589
2038800,0.8295,0.9067,0.7635,0.897,0.9284
2038900,0.9778,0.7328,0.8142,0.9521,0.961
2039000,0.8891,0.5541,0.6499,0.7665,0.8471
2039100,0.9347,0.7078,0.9318,0.9484,0.9554
2039200,0.8307,0.5923,0.8458,0.9059,0.8948
2039300,0.9911,0.9851,0.9303,0.9901,0.9992
2039400,0.9208,0.8306,0.868,0.9434,0.9564
2039500,0.9687,0.9312,0.9623,0.9569,0.9907
2039600,0.8916,0.9893,0.8282,0.7731,0.9446
2039700,0.9356,0.0496,0.5936,0.9273,0.7925
2039800,0.6297,0.2278,0.6753,0.2391,0.4654
2039901,0.9925,0.8955,0.9849,0.9921,0.9988
2039902,0.9751,0.8395,0.9625,0.9946,0.9965
2040100,0.976,0.5671,0.9889,0.9347,0.9583
2040302,0.9617,0.8240000000000001,0.9907,0.9766,0.9882
2040303,0.9237,0.8404,0.9948,0.9983,0.9969
2040304,0.9807,0.7615,0.9913,0.8083,0.9529
2040400,0.7764,0.6388,0.6751,0.2118,0.6463
2040501,0.9331,0.8724,0.9866,0.7905,0.95
2040502,0.8597,0.5663,0.9711,0.8697,0.9093
2040600,0.8666,0.9482,0.8563,0.7961,0.9334
2040701,0.8775,0.6557,0.9790000000000001,0.7553,0.9023
2040702,0.9327,0.9279,0.9522,0.9302,0.9778
2040800,0.9359999999999999,0.8614,0.8192,0.6185,0.9104
2040900,0.7377,0.5378,0.6004,0.6003,0.7162
2041100,0.8527,0.7051,0.9291,0.7271,0.8849
2041300,0.8208,0.716,0.9361,0.9515,0.9307
2041400,0.7304,0.7728,0.7491,0.7646,0.84
2041500,0.8879,0.5797,0.9462,0.6741,0.873
2041800,0.9153,0.7005,0.8324,0.5837,0.8689
2041900,0.9248,0.7672,0.8736,0.9322,0.9471
2042000,0.9165,0.8852,0.8859999999999999,0.9362,0.9624
2042100,0.9554,0.7658,0.9274,0.9652,0.9722
2042200,0.7978,0.9011,0.7282,0.5425,0.8454
2042300,0.8987,0.7561,0.8858,0.9896,0.9695
2042400,0.6573,0.7261,0.8443,0.4915,0.745
2042500,0.9351,0.8242,0.9318,0.8568,0.9469
2042600,0.5491,0.3437,0.6276,0.2279,0.4413
2042800,0.3485,0.5927,0.7388,0.1424,0.3855
2042901,0.8773,0.8205,0.9381,0.7625,0.9187
2042902,0.9596,0.8236,0.9478,0.9490000000000001,0.9755
2043000,0.8328,0.8664,0.6659999999999999,0.7252,0.8718
2043100,0.9418,0.9585,0.9534,0.9992,0.9994
2043400,0.8543,0.9316,0.8625,0.7047,0.9141
2043500,0.9892,0.9872,0.7765,0.6784,0.9544
2043600,0.4853,0.7140000000000001,0.6377,0.3645,0.5734
2044200,0.8125,0.7371,0.7421,0.8355,0.8782
2044400,0.6774,0.4314,0.7291,0.7254,0.7313
2044800,0.5323,0.2573,0.439,0.0512,0.2297
2044901,0.4805,0.2935,0.2874,0.3943,0.3527
2044902,0.5064,0.6561,0.3126,0.6388,0.5591
2045101,0.1337,0.158,0.2955,0.7642,0.2647
2045102,0.3021,0.354,0.4693,0.6591,0.4315
2045600,0.3831,0.5826,0.6662,0.8036,0.6512
2045800,0.9863,0.9756,0.9153,0.7758,0.9726
2046000,0.9349,0.9515,0.7614,0.8815,0.9571
2046201,0.499,0.8924,0.7423,0.8983,0.8349
2046202,0.8941,0.9909,0.8361,0.9041,0.9707
2048400,0.5742,0.3798,0.76,0.5207,0.6189
2050400,0.6629,0.6415,0.948,0.6726,0.7967
2051600,0.2967,0.7862,0.3804,0.3212,0.3965
3000100,0.085,0.3069,0.561,0.9898,0.5616
3000200,0.9329,0.5231,0.9612,0.8809,0.9261
3000301,0.0676,0.0655,0.2924,0.7064,0.1448
3000501,0.1496,0.0686,0.4474,0.8829,0.3207
3000502,0.0752,0.1673,0.3359,0.9818,0.4031
3000700,0.0578,0.0549,0.2994,0.7551,0.1523
3000900,0.0572,0.0151,0.3763,0.9648,0.1977
3001100,0.1314,0.005,0.4546,0.737,0.1114
3001300,0.2024,0.0795,0.3975,0.9613,0.4056
3001500,0.5489,0.0859,0.7103,0.9967,0.7732
3001800,-999.0,-999.0,0.8567,-999.0,-999.0
3002000,0.9376,0.1968,0.9755,0.4165,0.7888
3002100,0.0947,0.0415,0.2994,0.9099,0.2239
3002200,0.8974,0.7891,0.9348,0.9463,0.9533
3002300,0.9952,0.9855,0.9676,0.7528,0.9803
3002901,0.9716,0.8024,0.9491,0.9797,0.9859
3003000,0.2816,0.3311,0.667,0.5564,0.4427
3003100,0.2288,0.203,0.7019,0.9718,0.5965
3003300,0.1245,0.0485,0.4381,0.54,0.1527
3003400,0.4434,0.1243,0.6829,0.983,0.6851
3003500,0.2775,0.3269,0.5487,0.8873,0.5492
3003600,0.2184,0.3474,0.619,0.9544,0.5909
3003700,0.0186,0.0176,0.4447,0.976,0.2129
3003800,0.4202,0.1642,0.5687,0.3643,0.3645
3003900,0.2265,0.0512,0.4184,0.7959,0.28800000000000003
3004100,0.2066,0.0378,0.4755,0.9225,0.344
3004300,0.0901,0.0268,0.3666,0.9882,0.305
3004400,0.0222,0.2677,0.3946,0.4094,0.1438
3004500,0.0499,0.0527,0.2977,0.6755,0.1168
3004600,0.2124,0.3856,0.4406,0.1691,0.1981
3004700,0.3191,0.1115,0.4039,0.3634,0.2315
3004900,0.1289,0.0758,0.4915,0.9165,0.3521
3005000,0.1707,0.1167,0.446,0.3626,0.1797
3005100,0.0545,0.0731,0.3984,0.3732,0.08900000000000001
3005201,0.5508,0.5413,0.6986,0.9229,0.7759
3005202,0.2656,0.3304,0.4621,0.5398,0.3641
3005300,0.4153,0.2233,0.5994,0.7344,0.5301
3005400,0.3222,0.374,0.33899999999999997,0.8854,0.5137
3005601,0.3031,0.3897,0.4946,0.5622,0.4191
3005602,0.2731,0.1431,0.5656,0.7928,0.4357
3005800,0.7188,0.1865,0.6518,0.8991,0.7481
3005900,0.2499,0.0853,0.5616,0.8456,0.4108
3006000,0.4059,0.0975,0.6895,0.5135,0.4093
3006200,0.4134,0.4409,0.6544,0.8821,0.6699
3006300,0.1227,0.0948,0.3769,0.3827,0.1278
3006400,0.4861,0.5768,0.5577,0.4084,0.5309
3006500,0.068,0.1406,0.1239,0.402,0.077
3006600,0.5027,0.1656,0.6809999999999999,0.8220000000000001,0.6118
3006700,0.1295,0.05,0.1528,0.4055,0.0618
3006800,0.8647,0.3852,0.8320000000000001,0.8672,0.8672
3006900,0.0667,0.0401,0.4004,0.6753,0.133
3007000,0.3481,0.8302,0.6994,0.8371,0.7224
3007100,0.8802,0.9244,0.8528,0.5982,0.9046
3007200,0.8467,0.7433,0.9443,0.9012,0.9279999999999999
3007400,0.9428,0.5651,0.9619,0.8257,0.9232
3007500,0.1249,0.0492,0.4278,0.5671,0.1598
3007600,0.9113,0.228,0.9365,0.7681,0.8521
3007700,0.2812,0.07,0.5893,0.8094,0.3996
3007800,0.8106,0.1712,0.9414,0.9621,0.8683
3008000,0.7389,0.4882,0.9264,0.5673,0.7662
3008200,0.8705,0.5785,0.9169,0.8288,0.8954
3008400,0.84,0.7621,0.9202,0.6629,0.8757
3008500,0.9985,0.9926,0.9507,0.7864,0.9878
3008600,-999.0,-999.0,-999.0,-999.0,-999.0
3008800,0.5696,0.0498,0.7652,0.4681,0.444
3009000,0.8454,0.5213,0.9427,0.9275,0.9118
3009200,0.9453,0.4791,0.9581,0.943,0.9415
3009400,0.8137,0.4067,0.9482,0.8044,0.8515
3009600,0.8699,0.2476,0.9359,0.6581,0.8104
3009800,0.8672,0.4327,0.9759,0.5997,0.8419
3010000,0.902,0.3676,0.9678,0.8121,0.8851
3010100,0.5879,0.2871,0.8643,0.7791,0.7068
3010200,0.7592,0.2451,0.9819,0.8313,0.8237
3010400,0.8634,0.0876,0.9705,0.6353,0.7568
3010600,0.897,0.0603,0.9645,0.5019,0.7158
3010800,0.7675,0.4804,0.9596,0.6559999999999999,0.8089
3011000,0.8765,0.3916,0.8485,0.6757,0.8261
3011200,0.919,0.8034,0.8456,0.8643,0.9344
3011400,0.8109999999999999,0.9845,0.8390000000000001,0.9581,0.9608
3011600,0.9032,0.2532,0.9476,0.885,0.8882
3011700,0.3879,0.031,0.6056,0.3941,0.2471
3011800,0.9097,0.215,0.9823,0.6724,0.8388
3011900,0.4936,0.0719,0.5897,0.7557,0.4878
3012000,0.9028,0.157,0.9827,0.6092,0.8091
3012100,0.27699999999999997,0.0204,0.5942,0.4623,0.1828
3012200,0.9718,0.2598,0.9592,0.7194,0.8803
3012600,0.7969,0.0648,0.8792,0.5760000000000001,0.655
3012700,0.7998,0.4628,0.7012,0.9416,0.8631
3012801,0.8349,0.8476,0.9066,0.6059,0.8795
3012901,0.2339,0.0264,0.4868,0.4279,0.1402
3012902,0.35,0.037000000000000005,0.5025,0.8073,0.3564
3013000,0.7876,0.3478,0.7429,0.8763,0.8228
3013100,0.1736,0.0692,0.434,0.6467,0.2259
3013200,0.7884,0.7071,0.8693,0.5771,0.8245
3013300,0.1051,0.0717,0.3429,0.4509,0.1149
3013400,0.5186,0.0857,0.6212,0.925,0.6176
3013500,0.1417,0.1592,0.42100000000000004,0.4745,0.2137
3013600,0.599,0.3817,0.5647,0.5271,0.5803
3013700,0.4074,0.1128,0.4854,0.8191,0.4755
3013800,0.6015,0.3176,0.7031,0.7066,0.66
3013900,0.1768,0.039,0.4579,0.593,0.1865
3014000,0.3912,0.3468,0.6592,0.8036,0.5977
3014100,0.3643,0.0316,0.5008,0.9438,0.4392
3014200,0.5626,0.1871,0.58,0.4126,0.4668
3014300,0.3651,0.0584,0.6142,0.8765,0.4766
3014500,0.3684,0.0287,0.6421,0.8036,0.3857
3014700,0.4894,0.4729,0.6237,0.4028,0.5228
3014800,0.6473,0.4624,0.4367,0.18899999999999997,0.4398
3014900,0.2186,0.0921,0.34,0.9644,0.4089
3015000,0.317,0.5696,0.5988,0.21899999999999997,0.3672
3015100,0.0649,0.1121,0.4206,0.9316,0.3324
3015200,0.3663,0.4827,0.5839,0.7781,0.5838
3015300,0.195,0.0556,0.3421,0.6254,0.1948
3015400,-999.0,-999.0,-999.0,-999.0,-999.0
3015500,0.1409,0.1221,0.3452,0.39,0.1463
3015700,0.04,0.0425,0.2856,0.6382,0.0938
3015900,0.0943,0.0347,0.2322,0.9171,0.1965
3016000,0.4729,0.0518,0.7194,0.6339,0.4465
3016100,0.2105,0.0543,0.48,0.787,0.3012
3016200,0.3736,0.1452,0.3532,0.8442,0.4444
3016300,0.26,0.0587,0.5138,0.9726,0.4683
3016400,0.1136,0.3678,0.5586,0.6461,0.3591
3016500,0.0172,0.0851,0.2654,0.6616,0.1131
3016600,0.1745,0.1737,0.4751,0.0562,0.0795
3016700,0.005,0.1824,0.4324,0.564,0.1631
3016800,0.258,0.8519,0.6899,0.1446,0.4106
3016900,0.1884,0.0915,0.5169,0.4258,0.2116
3017000,0.649,0.4818,0.8369,0.3423,0.632
3017100,0.1351,0.3055,0.4633,0.4586,0.2624
3017200,0.6059,0.1691,0.8375,0.386,0.5467
3017400,0.5866,0.6117,0.7412,0.3465,0.6122
3017500,-999.0,-999.0,-999.0,-999.0,-999.0
3017600,0.8456,0.7059,0.8134,0.5661,0.8365
3017700,-999.0,-999.0,-999.0,-999.0,-999.0
3017800,0.7874,0.298,0.9124,0.8728,0.8417
3017900,0.7070000000000001,0.7895,0.6984,0.8465,0.8483
3018000,0.6366,0.4405,0.8627,0.4254,0.6531
3018100,0.2147,0.0626,0.6029,0.6589,0.2994
3018200,0.8417,0.2644,0.8969,0.373,0.7108
3018300,0.1908,0.0221,0.3381,0.5609,0.11199999999999999
3018400,0.6573,0.2429,0.799,0.4397,0.6044
3018501,0.9888,0.9124,0.8297,0.9494,0.9834
3018600,0.6927,0.4364,0.7781,0.3753,0.645
3018700,0.5033,0.081,0.5767,0.9304,0.5952
3018800,0.6011,0.3021,0.7823,0.3705,0.5637
3019000,0.8715,0.1303,0.9043,0.6318,0.7629
3019100,0.2926,0.0417,0.5431,0.8429,0.3697
3019200,0.7553,0.29600000000000004,0.8654,0.9785,0.8693
3019300,0.7685,0.4599,0.5901,0.9635,0.8481
3019400,0.8889,0.2722,0.914,0.9859,0.9243
3019500,0.0993,0.0273,0.4784,0.6925,0.1564
3019600,0.909,0.6555,0.8381,0.8164,0.9056
3019700,0.3166,0.0642,0.3478,0.7818,0.3185
3019800,0.4704,0.8744,0.7882,0.1685,0.5724
3019900,0.3203,0.0411,0.5035,0.8243,0.3606
3020000,0.7944,0.5882,0.8431,0.3309,0.7268
3020100,0.2155,0.0293,0.3979,0.5186,0.138
3020200,0.5522,0.5762,0.7282,0.1075,0.4564
3020300,0.511,0.063,0.6559,0.7677,0.5133
3020400,0.6407,0.5648,0.6679999999999999,0.19,0.5396
3020500,0.149,0.0244,0.4006,0.7240000000000001,0.1627
3020600,0.3999,0.3247,0.7134,0.6413,0.5502
3020700,0.1156,0.0657,0.5023,0.4654,0.1666
3020800,0.8054,0.6671,0.9014,0.8061,0.8761
3021000,0.8259,0.5064,0.9078,0.5736,0.8075
3021100,0.5906,0.8294,0.619,0.8394,0.8006
3021200,0.8964,0.3137,0.9254,0.5288,0.8048
3021300,0.6459,0.1439,0.5398,0.6123,0.5533
3021400,0.8061,0.0832,0.8336,0.5093,0.6494
3021500,0.563,0.3625,0.5973,0.7759999999999999,0.6537
3021600,0.8819,0.1435,0.5039,0.7416,0.7172
3021700,0.6368,0.3561,0.7447,0.7393,0.706
3021800,0.782,0.5444,0.5047,0.5924,0.7124
3021900,0.4322,0.1378,0.6526,0.9869,0.6936
3022000,0.9455,0.3994,0.4926,0.8255,0.8421
3022100,0.6179,0.1417,0.5336,0.8887,0.6506
3022200,0.815,0.4457,0.4482,0.9364,0.8214
3022400,0.7439,0.0805,0.6614,0.8531,0.6892
3022600,0.8535,0.2439,0.8392,0.5501,0.7519
3022700,0.3145,0.1101,0.4882,0.8015,0.4174
3022800,0.868,0.1898,0.6567,0.9934,0.8975
3022900,0.37799999999999995,0.1037,0.5705,0.5514,0.3766
3023000,0.8423,0.2425,0.6103,0.5485,0.6971
3023100,0.3462,0.0667,0.5239,0.644,0.3436
3023200,0.8048,0.2171,0.5452,0.58,0.6602
3023300,0.7105,0.6154,0.7016,0.8618,0.8241
3023400,0.8206,0.1999,0.3765,0.9227,0.7454
3023500,0.6482,0.3181,0.6889,0.8923,0.7525
3023600,0.8933,0.1609,0.4287,0.7234,0.7056
3023800,0.8496,0.6625,0.4907,0.6944,0.7963
3024000,0.85,0.7464,0.4138,0.9014,0.8595
3024100,0.7022,0.0233,0.6598,0.9615,0.6523
3024200,0.8098,0.1768,0.4487,0.4693,0.5807
3024300,0.6511,0.1764,0.6771,0.7843,0.6689
3024400,0.8063,0.222,0.5264,0.4337,0.6066
3024500,0.5579999999999999,0.0454,0.6409999999999999,0.4979,0.4114
3024600,0.8299,0.349,0.7462,0.5895,0.7544
3024700,0.7791,0.3618,0.6359,0.6778,0.7293
3024800,0.7213,0.6524,0.8823,0.48200000000000004,0.7593
3024900,0.5276,0.044000000000000004,0.6369,0.7594,0.4851
3025000,0.8,0.1409,0.9367,0.6154,0.7344
3025100,0.8375,0.8013,0.6303,0.8985,0.8996
3025200,0.8164,0.2243,0.8567,0.8674,0.8268
3025300,0.6925,0.3604,0.5384,0.7246,0.6759
3025400,0.8991,0.657,0.8604,0.5203,0.8490000000000001
3025500,0.9932,0.9031,0.9202,0.7433,0.9581
3025600,0.9136,0.8490000000000001,0.9173,0.551,0.9
3025700,0.8023,0.1983,0.7534,0.7779,0.7627
3025800,0.8166,0.5318,0.8567,0.9428,0.8981
3025901,0.7965,0.5754,0.7394,0.9246,0.8759
3025902,0.9992,0.9667,0.9744,0.5315,0.9566
3026000,0.8156,0.5248,0.8814,0.3709,0.7461
3026100,0.586,0.0525,0.5629,0.5226,0.42100000000000004
3026200,0.8771,0.6902,0.8992,0.3987,0.8249
3026300,0.8013,0.424,0.7495,0.5294,0.7425
3026400,0.7381,0.0582,0.9118,0.6386,0.6429
3026500,0.6515,0.1685,0.4194,0.66,0.5429
3026600,0.8203,0.5264,0.9171,0.4747,0.7867
3026700,0.6546,0.1658,0.5511,0.7872,0.6336
3026800,0.8257,0.6254,0.8614,0.9619,0.9179999999999999
3026900,0.6127,0.3938,0.5161,0.7859999999999999,0.6645
3027000,0.5667,0.2933,0.7398,0.8162,0.6890000000000001
3027100,0.6946,0.7924,0.6551,0.8017,0.8243
3027200,0.7929999999999999,0.4471,0.8509,0.6169,0.7817
3027300,0.6871,0.5087,0.5788,0.8402,0.7573
3027400,0.6732,0.2402,0.807,0.5785,0.6593
3027500,0.5236,0.1382,0.5932,0.723,0.5423
3027600,0.7468,0.2699,0.9097,0.6823,0.7502
3027700,0.8595,0.6295,0.6705,0.7333,0.8436
3027800,0.7924,0.4453,0.8689,0.5872,0.7772
3027900,0.5292,0.3205,0.6414,0.6987,0.6077
3028000,0.7275,0.1126,0.8489,0.6011,0.6554
3028100,0.9229,0.8164,0.7616,0.833,0.9247
3028200,0.6691,0.1392,0.8534,0.8719,0.7355
3028300,0.9513,0.6964,0.8256,0.9923,0.9757
3028400,0.752,0.843,0.8287,0.6417,0.8446
3028501,0.8069,0.0572,0.8503,0.9391,0.7851
3028502,0.9867,0.9986,0.9264,0.7134,0.9840000000000001
3028600,0.6225,0.8771,0.8212,0.7109,0.8255
3028700,0.6913,0.6675,0.7676,0.7315,0.7921
3028800,0.7339,0.4653,0.8718,0.5993,0.7559999999999999
3028900,0.9225,0.7356,0.7528,0.8274,0.9131
3029000,0.5891,0.6603,0.7524,0.6855,0.733
3029100,0.5676,0.1902,0.6699,0.7741,0.6245
3029200,0.8005,0.5335,0.8551,0.6013,0.7981
3029300,0.8067,0.3261,0.7334,0.6659999999999999,0.7546
3029400,0.8999,0.8711,0.7895,0.9702,0.9595
3029500,0.4741,0.0774,0.6097,0.3382,0.3361
3029600,0.8106,0.5283,0.8245,0.649,0.8066
3029700,0.4412,0.0977,0.6124,0.7292,0.48200000000000004
3029800,0.5574,0.5723,0.8165,0.541,0.6741
3029900,0.8663,0.88,0.7742,0.8871,0.9326
3030000,0.7615,0.6504,0.9056,0.4996,0.7884
3030100,0.8114,0.8976,0.7340000000000001,0.4132,0.8218
3030200,0.7424,0.3763,0.8769,0.6821,0.7635
3030300,0.9059,0.8406,0.7697,0.9884,0.9701
3030400,0.8245,0.6689,0.8511,0.7006,0.8508
3030500,0.3943,0.0479,0.5827,0.9712,0.55
3030600,0.8363,0.271,0.8540000000000001,0.9329,0.8658
3030700,0.9737,0.8761,0.767,0.763,0.9388
3030800,0.7709999999999999,0.7877,0.7190000000000001,0.44299999999999995,0.7701
3030900,0.8448,0.4926,0.8002,0.5932,0.8009999999999999
3031100,0.8056,0.0624,0.5928,0.5839,0.5886
3031300,0.5408,0.3971,0.4369,0.8962,0.6624
3031400,0.6527,0.6884,0.6918,0.7012,0.7577
3031500,0.47200000000000003,0.1183,0.5466,0.8933,0.5743
3031701,0.5182,0.0475,0.4049,0.568,0.3386
3031702,0.3835,0.0865,0.5546,0.8056,0.4575
3031900,0.7712,0.4444,0.4819,0.5586,0.6707
3032100,0.6268,0.1613,0.5868,0.9855,0.7643
3032300,0.6171,0.0613,0.6837,0.8883,0.6311
3032500,0.5779,0.2323,0.7078,0.632,0.6017
3032600,0.9838,0.9302,0.8546,0.8,0.9598
3032700,0.7503,0.2218,0.7458,0.8458,0.7658
3032800,0.7731,0.8484,0.934,0.3214,0.7971
3032900,0.7739,0.5264,0.6419,0.7273,0.773
3033000,0.9679,0.9754,0.8270000000000001,0.909,0.9807
3033100,0.7779,0.1283,0.6014,0.5995,0.6309
3033300,0.6316,0.6022,0.5221,0.6857,0.6813
3033500,0.7082,0.3364,0.5303,0.9938,0.8475
3033600,0.4043,0.2846,0.5794,0.8767,0.6019
3033700,0.5228,0.4232,0.5614,0.8877,0.6907
3033900,0.765,0.7086,0.6847,0.718,0.8137
3034000,0.972,0.9267,0.8342,0.9577,0.9838
3034100,0.6196,0.3802,0.5918,0.8782,0.7259
3034200,0.9685,0.9998,0.8715,0.6873,0.9782
3034300,0.92,0.8131,0.8466,0.8819,0.9390000000000001
3034500,0.7536,0.1419,0.7639,0.6699,0.6838
3034700,0.8645,0.8052,0.6365,0.6633,0.8533
3034800,0.8338,0.2955,0.8975,0.7493,0.8166
3034900,0.8867,0.6493,0.6854,0.7358,0.8566
3035000,0.5303,0.7586,0.5041,0.5321,0.6255
3035100,0.861,0.7984,0.7524,0.8357,0.9048
3035200,0.7961,0.5836,0.8033,0.9129999999999999,0.8815
3035300,0.7729,0.3147,0.6664,0.8266,0.7716
3035400,0.2659,0.6985,0.5462,0.483,0.473
3035500,0.7911,0.8779,0.7351,0.7290000000000001,0.8707
3035601,0.5723,0.4632,0.5584,0.5303,0.5846
3035602,0.3695,0.5539,0.519,0.7565,0.5728
3035700,0.9109,0.8081,0.7466,0.6432,0.8844
3035900,0.9405,0.7352,0.7062,0.9409,0.9392
3036001,0.8098,0.6625,0.5293,0.7364,0.7975
3036002,0.8755,0.6846,0.6609999999999999,0.8753,0.8919
3036100,0.8268,0.9734,0.8303,0.9445,0.9558
3036200,0.8786,0.4046,0.8344,0.8715,0.8774
3036300,0.8421,0.9207,0.7691,0.6892,0.8944
3036400,0.8220000000000001,0.6134,0.7596,0.8692,0.8737
3036501,0.7795,0.8346,0.5598,0.6823,0.8158
3036502,0.8065,0.8765,0.747,0.8945,0.9156
3036600,0.8309,0.5176,0.8425,0.9534,0.9021
3036700,0.6892,0.4416,0.8082,0.4811,0.6861
3036900,0.8297,0.7313,0.6713,0.8859999999999999,0.8857
3037000,0.5781,0.6429,0.6693,0.4592,0.6392
3037100,0.6558,0.7974,0.6538,0.6258,0.7591
3037300,0.7654,0.4684,0.6264,0.8365,0.7954
3037401,0.557,0.8401,0.6633,0.5529999999999999,0.7122
3037402,0.718,0.4358,0.8016,0.6361,0.74
3037500,0.8075,0.3321,0.7225,0.7712,0.7873
3037700,0.6678,0.6173,0.4779,0.6651,0.684
3037900,0.622,0.4027,0.621,0.5303,0.6154
3038100,0.7329,0.5242,0.6693,0.6817,0.7459
3038200,0.9857,0.9558,0.9398,0.7536,0.9672
3038300,0.5783,0.2121,0.654,0.6622,0.5896
3038500,0.6053,0.1989,0.6353,0.7468,0.6259
3038600,0.7466,0.4568,0.8437,0.5939,0.7541
3038700,0.8071,0.2515,0.5346,0.8601,0.7604
3038800,0.493,0.7782,0.6175,0.6208,0.6778
3038900,0.7126,0.1448,0.8592,0.5734,0.6566
3039000,0.6237,0.3383,0.4225,0.4202,0.4952
3039100,0.8985,0.2811,0.8697,0.6237,0.8112
3039200,0.6388,0.5812,0.5606,0.4055,0.6027
3039300,0.8407,0.1113,0.8052,0.8968,0.8095
3039400,0.7095,0.9226,0.6002,0.5489,0.7936
3039500,0.9175,0.5122,0.8045,0.8562,0.8969
3039600,0.3827,0.5948,0.528,0.4807,0.5006
3039700,0.7816,0.3377,0.779,0.7603,0.7813
3039800,0.8587,0.6206,0.8604,0.8398,0.8909
3039900,0.8959999999999999,0.1974,0.8126,0.6042,0.7743
3040000,0.7996,0.6053,0.8676,0.4546,0.7739
3040100,0.8556,0.3953,0.7633,0.9814,0.9085
3040200,0.8678,0.4159,0.8664,0.3738,0.7523
3040300,0.8201,0.475,0.8087,0.8291,0.8492
3040400,0.7762,0.1927,0.8416,0.2942,0.6081
3040500,0.6312,0.0725,0.7293,0.8806,0.6548
3040600,0.8216,0.3575,0.8866,0.4836,0.7504
3040700,-999.0,-999.0,-999.0,-999.0,-999.0
3040800,0.8121,0.3081,0.9128,0.2478,0.6612
3040900,0.8365,0.2914,0.8932,0.8259,0.8396
3041000,0.8119,0.8214,0.6729999999999999,0.7281,0.8548
3041100,0.8322,0.5684,0.8602,0.5298,0.8021
3041200,0.5439,0.4449,0.8016,0.4739,0.6139
3041300,0.7491,0.6332,0.8146,0.45399999999999996,0.7469
3041401,0.8448,0.7889,0.6621,0.5118,0.8172
3041402,0.5068,0.5428,0.5351,0.6133,0.5934
3041500,0.823,0.4292,0.8557,0.3761,0.7286
3041600,0.7809999999999999,0.6669,0.5781,0.5083,0.7359
3041700,0.8707,0.9229999999999999,0.9219,0.9061,0.955
3041800,0.924,0.8885,0.6414,0.8477,0.9282
3041900,0.8914,0.7175,0.8781,0.522,0.8562
3042000,0.6966,0.6867,0.4425,0.4484,0.6388
3042100,0.903,0.4077,0.8627,0.8709,0.8905
3042200,0.7511,0.3965,0.7639,0.8369,0.8027
3042300,0.8576,0.0523,0.8854,0.995,0.8797
3042400,0.6863,0.3742,0.8136,0.6326,0.7137
3042500,0.3423,0.2348,0.5847,0.8247,0.5363
3042600,0.8135,0.62,0.8833,0.6397,0.8336
3042700,0.8241,0.2162,0.8254,0.539,0.7226
3042800,0.742,0.7891,0.7994,0.5667,0.8058
3042900,0.8015,0.3705,0.8755,0.7789,0.8220000000000001
3043000,0.9177,0.6481,0.8682,0.633,0.8755
3043100,0.7835,0.2325,0.8835,0.5649,0.7222
3043200,0.8237,0.43,0.8765,0.7656,0.8359
3043300,0.9121,0.59,0.9303,0.792,0.905
3043400,0.6649,0.5341,0.8111,0.6067,0.7299
3043500,0.7955,0.3306,0.8594,0.9256,0.8573
3043600,0.7879999999999999,0.1766,0.7895,0.7897,0.7602
3043700,0.8139,0.0971,0.8524,0.7949,0.7529
3043800,0.7172,0.4492,0.6379,0.8974,0.7998
3043900,0.9103,0.5471,0.9245,0.3819,0.8168
3044000,0.7625,0.4901,0.5732,0.7462,0.7527
3044100,0.8859999999999999,0.0818,0.9129999999999999,0.713,0.7676
3044200,0.2779,0.6694,0.4416,0.4383,0.4151
3044300,0.7638,0.2582,0.8493,0.4849,0.6902
3044400,0.6637,0.7679,0.5536,0.5017,0.6983
3044500,0.6962,0.2454,0.8579,0.5814,0.6834
3044600,0.7474,0.2672,0.8285,0.708,0.7432
3044700,0.8386,0.5211,0.7833,0.9175,0.8861
3044800,0.6741,0.6617,0.5551,0.645,0.7127
3044900,0.9729,0.7334,0.8079999999999999,0.9542,0.9593
3045000,0.4722,0.151,0.1866,0.2596,0.2168
3045200,0.3098,0.5915,0.3167,0.4695,0.3778
3045300,0.8835,0.1386,0.6959,0.9331,0.838
3045400,0.5535,0.7959999999999999,0.4872,0.7225,0.7019
3045600,0.8502,0.6142,0.7014,0.8529,0.8705
3045800,0.3935,0.6619,0.3833,0.4045,0.4415
3046000,0.7339,0.7131,0.7647,0.6278,0.7952
3046201,0.737,0.9048,0.601,0.8989,0.8859
3046202,0.5941,0.418,0.3738,0.4751,0.506
3046400,0.6662,0.2569,0.3998,0.5222,0.5268
3046800,0.746,0.0816,0.3295,0.5176,0.4591
3047000,0.6890000000000001,0.1353,0.3181,0.6488,0.5073
3047200,0.7963,0.261,0.2715,0.8848,0.6979
3047400,0.7516,0.2976,0.36,0.8603,0.6967
3047600,0.9482,0.2689,0.5377,0.6933,0.7896
3047700,0.0978,0.0153,0.4404,0.6102,0.0959
3047800,0.7385,0.4159,0.6746,0.8891,0.8054
3048000,0.9244,0.5865,0.7878,0.9532,0.9309
3048100,0.5375,0.0531,0.7087,0.7799,0.5359
3048200,0.8253,0.5058,0.8313,0.9237,0.8871
3048400,0.718,0.1514,0.6375,0.8707,0.7189
3048500,0.4814,0.0182,0.6503,0.6374,0.3473
3048600,0.8436,0.3172,0.8740000000000001,0.6212,0.789
3048800,0.7659,0.5814,0.6862,0.8678,0.8363
3048900,0.9956,0.9973,0.9433,0.9206,0.9981
3049000,0.6919,0.6413,0.7109,0.9876,0.8915
3049100,0.8734,0.4808,0.9175,0.7167,0.8558
3049200,0.7074,0.48700000000000004,0.7072,0.8956,0.816
3049300,0.8995,0.8519,0.7802,0.4855,0.8674
3049400,0.7035,0.8255,0.7375,0.9422,0.8932
3049500,0.4097,0.0489,0.5571,0.9731,0.5521
3049600,0.7091,0.2895,0.7986,0.8711,0.7838
3049700,0.121,0.0109,0.4814,0.4515,0.0687
3049800,0.5025,0.4882,0.7511,0.5870000000000001,0.6282
3049900,0.2605,0.0087,0.4351,0.4065,0.0863
3050000,0.1138,0.2743,0.6019,0.7704,0.3971
3050100,0.4119,0.0593,0.5328,0.4196,0.2965
3050202,0.0485,0.3401,0.3726,0.9153,0.3763
3050300,0.321,0.0225,0.6064,0.6363,0.2718
3050400,0.298,0.1758,0.6724,0.8833,0.5471
3050500,0.8462,0.7088,0.8384,0.8690000000000001,0.9035
3050600,0.7971,0.45,0.8264,0.9372,0.877
3050700,0.9308,0.3267,0.6309,0.8682,0.8581
3050801,0.8692,0.4048,0.8223,0.9575,0.9029
3050803,0.73,0.1103,0.6645,0.9753,0.7799
3050804,0.6776,0.0812,0.8377,0.7339,0.6454
3050900,0.8073,0.2755,0.5299,0.6803,0.6996
3051001,0.8191,0.3837,0.8169,0.7733,0.8191
3051002,0.5748,0.3881,0.8107,0.7746,0.711
3051100,0.7717,0.2468,0.8276,0.9076,0.8259
3051200,0.7163,0.4281,0.7219,0.7708,0.7609999999999999
3051300,0.4905,0.0698,0.6429,0.8759,0.5606
3051400,0.7849,0.6237,0.8239,0.8543,0.8647
3051500,0.0429,0.0335,0.5066,0.4414,0.0846
3051601,0.7845,0.4308,0.8,0.7163,0.7909
3051602,0.7524,0.1805,0.8590000000000001,0.9745,0.845
3051700,0.1225,0.0052,0.4305,0.5062,0.055999999999999994
3051800,0.3674,0.1636,0.7058,0.7709999999999999,0.5299
3051900,0.161,0.0198,0.4928,0.5891,0.1349
3052000,0.7327,0.3831,0.7755,0.6511,0.7346
3052300,0.6038,0.1074,0.7427,0.8655,0.6685
3052500,0.8131,0.9077,0.7313,0.7507,0.8907
3052600,0.5984,0.2964,0.7682,0.7951,0.7015
3052700,0.8591,0.5969,0.8332,0.7814,0.8703
3052800,0.3576,0.8984,0.6241,0.4691,0.616
3052900,0.8011,0.1057,0.4713,0.9281,0.732
3053000,0.8703,0.1681,0.7555,0.9148,0.8442
3053100,0.7393,0.1592,0.4581,0.7043,0.6147
3053200,0.7199,0.7257,0.6967,0.6036,0.7697
3053300,0.7799,0.1411,0.4309,0.8361,0.6737
3053400,0.9041,0.5816,0.7146,0.9554,0.9195
3053500,0.8873,0.1272,0.4889,0.758,0.7147
3053700,0.867,0.0777,0.4091,0.9470000000000001,0.7392
3053800,0.6301,0.8385,0.6223,0.8744,0.8317
3053900,0.8452,0.7354,0.5718,0.7219,0.8340000000000001
3054200,0.7505,0.7689,0.5903,0.828,0.8376
3054300,0.2458,0.0721,0.5689,0.6861,0.3212
3054400,0.7571,0.4641,0.6876,0.8616,0.8133
3054500,0.9107,0.8957,0.6781,0.9606,0.9531
3054600,0.6571,0.9,0.6318,0.8096,0.8392
3054700,0.7777,0.159,0.5951,0.8964,0.7548
3054800,0.3046,0.8276,0.5336,0.7623,0.6288
3054900,0.4376,0.0469,0.5291,0.7188,0.3929
3055000,0.5601,0.3895,0.6676,0.7934,0.6828
3055100,0.3342,0.0884,0.6344,0.846,0.4803
3055200,0.4289,0.4537,0.7074,0.8201,0.6598
3055300,0.1581,0.0178,0.4845,0.8092,0.2021
3055400,0.7801,0.3488,0.7035,0.7037,0.7492
3055500,0.09699999999999999,0.0159,0.5313,0.5941,0.1122
3055600,0.5029,0.1665,0.6202,0.8496,0.6116
3055700,0.3448,0.0091,0.5365,0.5166,0.1834
3055800,0.6131,0.2732,0.6557,0.5597,0.595
3056000,0.5106,0.6161,0.5895,0.7973,0.6917
3056100,0.1059,0.032,0.5196,0.4128,0.1048
3056200,0.2998,0.3145,0.4025,0.0986,0.1705
3056300,0.5974,0.1177,0.6355,0.8272,0.6228
3056400,0.3651,0.1586,0.5394,0.4061,0.3402
3056500,0.1797,0.019,0.5113,0.3523,0.0884
3056600,0.4409,0.7125,0.7804,0.7772,0.722
3056800,0.512,0.2648,0.6854,0.07400000000000001,0.3174
3056900,0.1933,0.0132,0.4647,0.6407,0.1376
3057000,0.4028,0.4639,0.679,0.7513,0.6141
3057100,0.3995,0.0238,0.4816,0.4853,0.2253
3057200,0.9534,0.937,0.8452,0.6604,0.9355
3057300,0.2741,0.0407,0.5408,0.7619,0.318
3057400,0.4635,0.6685,0.7816,0.3918,0.5981
3057500,0.3174,0.0473,0.5322,0.5381,0.2739
3057600,0.5468,0.1603,0.8315,0.3952,0.5122
3057800,0.7263,0.1501,0.8122,0.6057,0.6679999999999999
3057900,0.4994,0.0898,0.7629,0.9258,0.6485
3058000,0.6361,0.3773,0.8227,0.6241,0.6927
3058200,0.677,0.5335,0.7668,0.552,0.7093
3058400,0.6256,0.2458,0.7078,0.5742,0.6127
3058600,0.6794,0.608,0.9041,0.8307,0.8328
3058800,0.4507,0.3544,0.7171,0.7656,0.6251
3058900,0.2559,0.1373,0.5163,0.1415,0.1587
3059000,0.7159,0.3125,0.7994,0.6848,0.7243
3059100,0.2031,0.0173,0.4897,0.3628,0.094
3059200,0.488,0.3129,0.7751,0.4977,0.5585
3059300,0.4799,0.0279,0.5676,0.2866,0.2295
3059401,0.6405,0.2487,0.8021,0.8769,0.7488
3059402,0.3902,0.467,0.6652,0.415,0.4869
3059600,0.3036,0.6411,0.6014,0.7455,0.5834
3059800,0.6411,0.2144,0.7043,0.7654,0.6734
3060000,0.4445,0.3536,0.5742,0.7101,0.562
3060600,0.7414,0.4184,0.7239,0.9834,0.8724
3060800,0.483,0.2683,0.6915,0.5885,0.5531
3061002,0.0839,0.4645,0.4608,0.5006,0.2888
3061003,0.8622,0.5958,0.8903,0.6542,0.8523
3061004,0.6173,0.7986,0.6025,0.8637,0.8079
3061200,0.1181,0.2902,0.3388,0.7024,0.2886
3061600,0.6113,0.7177,0.5126,0.3288,0.5824
3062000,0.2557,0.31,0.4144,0.1647,0.1905
3062200,0.3761,0.5487,0.6536,0.8268,0.6488
3062600,0.7619,0.5857,0.7806,0.7076,0.8025
3062800,0.5427,0.2538,0.3858,0.3069,0.3685
3063200,0.6448,0.8232,0.4563,0.6989,0.7324
3063600,0.524,0.2206,0.5627,0.0806,0.2815
3063800,0.2717,0.4422,0.5862,0.3653,0.3741
3064000,0.0673,0.609,0.4548,0.064,0.1143
3064200,0.5644,0.8589,0.6522,0.5033,0.7087
3064400,0.3092,0.2012,0.5689,0.5385,0.3817
3064600,0.3311,0.457,0.3462,0.1718,0.239
3064800,0.3502,0.4102,0.5318,0.3257,0.3726
3065000,0.8081,0.6057,0.8161,0.8183,0.8589
3065200,0.0267,0.3102,0.4501,0.0124,0.0234
3065400,0.2951,0.391,0.3594,0.14300000000000002,0.2002
3065600,0.1962,0.5316,0.4627,0.1194,0.2033
3065800,0.2571,0.3938,0.5841,0.2012,0.2797
3066000,0.2014,0.3197,0.4819,0.1879,0.1985
3066200,0.3889,0.2371,0.4777,0.2505,0.2961
3066600,-999.0,-999.0,-999.0,-999.0,-999.0
3067000,0.5398,0.39299999999999996,0.6961,0.2841,0.4971
3067200,0.5825,0.5419,0.8184,0.2712,0.5778
3067400,0.3346,0.3013,0.6753,0.4482,0.428
3067600,0.6115,0.094,0.7738,0.2381,0.4218
3067800,0.5719,0.4393,0.6542,0.6419,0.6425
3068000,0.373,0.4145,0.7658,0.2816,0.4351
3068200,0.442,0.1437,0.6485,0.2246,0.3259
3068600,0.4845,0.4017,0.6629,0.3661,0.5002
3068800,0.2225,0.5465,0.6726,0.414,0.41600000000000004
3069000,0.4652,0.6115,0.5485,0.4036,0.5222
3069200,0.3603,0.3397,0.7532,0.1732,0.3494
3069601,0.4772,0.52,0.5932,0.2101,0.4313
3069602,0.3135,0.4213,0.5831,0.1409,0.2846
3069800,0.1693,0.2565,0.612,0.523,0.3349
3070000,0.2352,0.7811,0.1891,0.2379,0.26
3070201,0.1479,0.6609,0.3633,0.2922,0.261
3070202,0.0006,0.0,0.0,0.235,0.0
3070203,-999.0,-999.0,-999.0,-999.0,-999.0
3070600,0.3116,0.8046,0.452,0.0448,0.2643
3072000,0.6347,0.67,0.8171,0.1546,0.5797
3072200,0.6768,0.8546,0.7544,0.161,0.6529
3072400,0.5746,0.6896,0.7025,0.3552,0.6216
3072600,0.4836,0.2437,0.7309,0.424,0.4967
3072800,0.5472,0.7836,0.5499,0.3856,0.6064
3073000,0.3587,0.1896,0.6763,0.465,0.4124
3073200,0.5856,0.5392,0.7584,0.3786,0.6112
3073400,0.3949,0.2786,0.6468,0.115,0.2919
3073600,0.7066,0.166,0.813,0.7739,0.7154
3073800,0.6801,0.5128,0.6889,0.9486,0.8313
3074000,0.6378,0.6181,0.8404,0.5694,0.7301
3074200,0.5775,0.861,0.606,0.7835,0.7829999999999999
3074400,0.2385,0.2214,0.3468,0.4142,0.2346
3074600,0.3013,0.3846,0.5076,0.6473,0.4508
3074800,0.3162,0.5704,0.3957,0.4818,0.4091
3075000,0.4463,0.5006,0.5021,0.7213,0.5774
3075200,0.0999,0.6857,0.1775,0.0373,0.066
3075400,0.2627,0.6563,0.0586,0.0597,0.1073
3075600,0.2072,0.2582,0.4775,0.7497,0.39399999999999996
3075800,0.3525,0.2755,0.4002,0.2994,0.2842
3076000,0.4782,0.615,0.48100000000000004,0.5027,0.5481
3076200,0.591,0.5843,0.7713,0.9878,0.8629
3076400,0.5754,0.5781,0.7435,0.9206,0.8004
3076600,0.6529,0.5669,0.873,0.9863,0.8898
3076800,0.7207,0.5929,0.552,0.9915,0.879
3077000,0.7008,0.4217,0.8058,0.9385,0.8394
3077200,0.3398,0.4595,0.6641,0.672,0.5494
3077400,0.7804,0.41200000000000003,0.7662,0.6542,0.7614
3077600,0.4967,0.4238,0.7120000000000001,0.7449,0.6541
3078000,0.3786,0.2346,0.6645,0.6444,0.499
3078200,0.6973,0.6351,0.828,0.6836,0.7836
3078400,0.3958,0.5072,0.8177,0.74,0.6508
3078600,0.8274,0.6772,0.7936,0.7673,0.8616
3078800,0.7928,0.6499,0.8474,0.684,0.8326
3079000,0.6633,0.6625,0.8955,0.8034,0.8272
3079200,0.8243,0.6733,0.7538,0.9242,0.9004
3079400,0.7613,0.7092,0.7363,0.8547,0.8575
3079601,0.5234,0.1446,0.5996,0.8413,0.5985
3079602,0.7085,0.1485,0.7109,0.7383,0.6768
3079801,0.316,0.0514,0.5423,0.4758,0.262
3079802,0.5986,0.0397,0.7957,0.7542,0.5541
3080000,0.5404,0.1985,0.5497,0.6096,0.5245
3080200,0.5543,0.1948,0.62,0.6871,0.5714
3080400,0.6598,0.3912,0.5423,0.8206,0.7066
3080600,0.6915,0.265,0.5833,0.8587,0.7185
3080800,0.9961,0.9141,0.8926,0.9467,0.9886
3081000,0.7273,0.8253,0.5796,0.8342,0.8423
3081400,0.7598,0.836,0.7621,0.6577,0.8402
3081600,0.6494,0.5297,0.7732,0.879,0.8029
3081800,0.4455,0.0597,0.5243,0.9144,0.5205
3082000,0.8583,0.4172,0.8635,0.9853,0.9245
3082200,0.7759999999999999,0.6256,0.8008,0.9677,0.9019
3082400,0.7145,0.4975,0.7355,0.5949,0.7266
3082600,0.7366,0.5717,0.7342,0.5479,0.738
3082800,0.7267,0.2716,0.8202,0.8423,0.7784
3083000,0.6013,0.7241,0.8668,0.6519,0.7659999999999999
3083200,0.6353,0.7179,0.7369,0.5518,0.7276
3083400,0.7542,0.3484,0.8052,0.1921,0.5815
3083600,0.6714,0.7036,0.7276,0.2706,0.6477
3083800,0.27,0.3123,0.6814,0.2147,0.2977
3084000,0.4347,0.5345,0.6441,0.903,0.7062
3084600,0.3415,0.8259,0.6649,0.6494,0.6469
3084800,0.5957,0.3387,0.7808,0.5516,0.6324
3085000,0.5767,0.474,0.6621,0.2783,0.5261
3085200,-999.0,-999.0,-999.0,-999.0,-999.0
3085400,0.5551,0.7478,0.7167,0.4557,0.6693
3085600,0.637,0.5425,0.7874,0.494,0.6836
3085800,0.4766,0.5673,0.7957,0.4242,0.5915
3086000,0.45399999999999996,0.6076,0.7128,0.6869,0.6552
3086200,0.7153,0.7204,0.7264,0.4447,0.7324
3086400,0.4374,0.4707,0.7039,0.3844,0.5108
3086600,0.5549,0.5368,0.8186,0.5361,0.6637
3086800,0.7408,0.5448,0.7346,0.5122,0.7253
3087000,0.7951,0.6033,0.6728,0.637,0.7832
3087200,0.7551,0.4488,0.6425,0.7567,0.7612
3087401,0.9324,0.899,0.8105,0.6411,0.9168
3087600,0.5157,0.6509999999999999,0.3835,0.6714,0.5894
3087800,0.8340000000000001,0.5917,0.6899,0.8581,0.8593
3088000,0.4569,0.8668,0.594,0.5365,0.6612
3088200,0.6749,0.4587,0.7499,0.7116,0.7357
3088400,0.8579,0.6175,0.5885,0.5727,0.7849
3088600,0.8767,0.6097,0.7938,0.6044,0.8390000000000001
3088800,0.6687,0.4089,0.7839,0.5365,0.6807
3089000,0.8809,0.7325,0.7569,0.9179,0.9222
3089200,0.9528,0.6241,0.5967,0.8197,0.8902
3089400,0.9003,0.925,0.7864,0.9078,0.951
3089600,0.8871,0.4936,0.8909,0.47200000000000003,0.8081
3089800,0.833,0.4647,0.6926,0.3373,0.6938
3090000,0.9515,0.7677,0.9243,0.7903,0.9357
3090200,0.9194,0.3916,0.8221,0.8966,0.8983
3090600,0.9648,0.6229,0.9342,0.7632,0.9218
3090800,0.9981,0.5675,0.7885,0.9787,0.9627
3091000,0.9668,0.9822,0.9497,0.5423,0.9473
3091200,0.9851,0.9649,0.9059999999999999,0.6609999999999999,0.9535
3091600,0.9472,0.8961,0.7045,0.7976,0.9336
3091800,0.9146,0.5324,0.9256,0.8048,0.9008
3092000,0.9567,0.867,0.7924,0.5195,0.9025
3092200,0.8373,0.8368,0.6153,0.5723,0.8305
3092400,0.7089,0.8631,0.8965,0.8473,0.8913
3092800,0.5744,0.6652,0.7408,0.5371,0.6849
3093000,0.5769,0.3684,0.5515,0.3713,0.5056
3093200,0.6305,0.2641,0.7478,0.0738,0.3961
3093400,0.4302,0.114,0.4612,0.2159,0.2413
3093600,0.3465,0.773,0.6981,0.2731,0.5004
3093800,0.6726,0.6442,0.7351,0.4217,0.6882
3094401,0.5247,0.4494,0.8334,0.7447,0.6973
3094402,0.9588,0.7107,0.8412,0.7509,0.9166
3094600,0.5126,0.7549,0.5885,0.5404,0.6475
3095000,0.4478,0.2478,0.7177,0.2455,0.3983
3095400,0.4923,0.3061,0.7029,0.4762,0.532
3095600,0.6094,0.6202,0.8447,0.3081,0.633
3095800,0.5278,0.71,0.7392,0.3703,0.6205
3096000,-999.0,-999.0,-999.0,-999.0,-999.0
3096200,0.6225,0.4376,0.8326,0.5775,0.6873
3096400,0.3433,0.1654,0.7705,0.1654,0.2929
3096600,0.4606,0.4903,0.7951,0.2259,0.478
3096800,0.5313,0.5822,0.727,0.3581,0.5788
3097000,0.6989,0.2637,0.7229,0.3811,0.5929
3097400,0.856,0.8577,0.6831,0.6372,0.8639
3098200,0.9702,0.9205,0.7905,0.5908,0.9263
3098400,0.3869,0.2253,0.6144,0.1125,0.2598
3098600,0.6729999999999999,0.5787,0.7161,0.2178,0.5822
3098800,0.6821,0.7708,0.8097,0.8909999999999999,0.8662
3099000,0.6875,0.3713,0.7184,0.3543,0.6039
3099200,0.6761,0.5279,0.7913,0.5224,0.7048
3099400,0.3471,0.17800000000000002,0.6746,0.1305,0.2504
3099600,0.535,0.3298,0.6843,0.9314,0.7305
3099800,0.3773,0.2315,0.8159,0.1196,0.311
3100400,0.3284,0.5415,0.633,0.1844,0.3575
3100600,0.6239,0.2813,0.7002,0.1359,0.4307
3100800,0.6448,0.5793,0.6652,0.4252,0.6415
3101000,0.2424,0.0925,0.7208,0.4345,0.3
3101200,0.4822,0.4917,0.7672,0.2487,0.4959
3101400,0.5369,0.3232,0.8006,0.1826,0.4523
3101600,0.5102,0.449,0.7748,0.5271,0.6102
3101800,0.4996,0.1388,0.6171,0.2721,0.3639
3102000,0.5332,0.5818,0.5478,0.1241,0.4102
3102200,0.3241,0.4356,0.799,0.535,0.5263
3102400,0.4065,0.4659,0.7095,0.2074,0.4139
3102600,0.2431,0.201,0.6454,0.1355,0.2052
3102800,0.3925,0.2887,0.5623,0.4567,0.4259
3103400,0.9065,0.9343,0.6833,0.6842,0.9087
3105801,0.7857,0.9641,0.8194,0.777,0.9114
3105804,0.9074,0.9888,0.84,0.8075,0.9548
3107000,0.6415,0.41,0.5649,0.4714,0.5873
3107800,0.5164,0.4713,0.6709,0.7963,0.6817
3109800,0.8431,0.4878,0.6948,0.8077,0.8351
3110400,0.8908,0.9238,0.7942,0.7607,0.9241
3110600,0.971,0.9773,0.8464,0.6235,0.9444
3111000,0.9693,0.9775,0.7173,0.6349,0.9369
3111600,0.8398,0.9432,0.8103,0.9936,0.9799
3111800,0.8817,0.6421,0.753,0.397,0.7905
3112000,0.8952,0.5297,0.8779,0.9586,0.9278
3112200,0.9036,0.9705,0.8887,0.7936,0.9483
3112400,0.6318,0.3709,0.8216,0.6954,0.7077
3112600,0.9055,0.588,0.8309,0.5342,0.8409
3112800,0.8608,0.7895,0.5864,0.3264,0.7571
3113000,0.8655,0.7429,0.6944,0.4936,0.8201
3113200,0.6332,0.5729,0.6882,0.4117,0.6351
3113400,0.9615,0.8699,0.8289,0.9269,0.9670000000000001
3114201,0.7785,0.8587,0.9561,0.8029,0.9083
3114202,0.6772,0.4467,0.8074,0.7329,0.7512
3114400,0.9378,0.5304,0.887,0.9277,0.9303
3114600,0.9163,0.9356,0.9643,0.8552,0.9614
3115000,0.9399,0.7615,0.9256,0.7140000000000001,0.9197
3115200,0.9014,0.8523,0.7901,0.5783,0.8846
3115600,0.9679,0.8511,0.9144,0.6738,0.9342
3115800,0.8701,0.8885,0.8755,0.7429,0.9162
3116000,0.8792,0.8191,0.866,0.4826,0.8612
3116200,0.885,0.9318,0.7856,0.2768,0.8384
3116400,0.7677,0.8123,0.8819,0.4484,0.8062
3116600,0.7632,0.6753,0.8351,0.8724,0.8728
3116800,0.6552,0.5801,0.8746,0.9503,0.8598
3117000,0.8848,0.6109,0.9563,0.5605,0.8577
3117201,0.8744,0.5867,0.9588,0.4758,0.8365
3117202,0.5479,0.6954,0.8924,0.8232,0.7971
3117400,0.7344,0.3385,0.9616,0.823,0.8207
3117601,0.775,0.6231,0.9009999999999999,0.7569,0.8469
3117602,0.8232,0.595,0.8608,0.5023,0.7969
3117800,0.8637,0.41700000000000004,0.9202,0.7953,0.8643
3118000,-999.0,-999.0,-999.0,-999.0,-999.0
3118201,0.6585,0.4031,0.7464,0.38,0.6145
3118202,0.5885,0.2003,0.8808,0.529,0.605
3118400,0.8508,0.2313,0.9241,0.3135,0.6959
3118600,0.8222,0.1679,0.8499,0.7737,0.7788
3118800,0.8058,0.0547,0.8262,0.725,0.6842
3119000,0.7018,0.4835,0.7909,0.7768,0.7795
3119200,0.8264,0.6386,0.914,0.5644,0.8315
3119400,0.9128,0.6062,0.8819,0.867,0.9149
3119600,0.7242,0.5064,0.8825,0.9559,0.8745
3119800,0.9213,0.83,0.8478,0.9186,0.9488
3120000,0.9049,0.5446,0.8472,0.9565,0.9286
3120200,0.9354,0.0533,0.8559,0.3139,0.6409
3120800,0.759,0.7228,0.6882,0.9441,0.8853
3121000,0.9503,0.9228,0.9074,0.7559,0.9475
3121400,0.9563,0.9566,0.8748,0.73,0.9490000000000001
3122000,0.7953,0.7623,0.7157,0.6127,0.8232
3123700,0.7889,0.1828,0.5565,0.6952,0.677
3150200,0.1755,0.1921,0.3553,0.298,0.1629
3152200,0.426,0.1976,0.5854,0.4351,0.41200000000000003
3990100,-999.0,-999.0,-999.0,-999.0,-999.0
1000100,-999.0,-999.0,-999.0,-999.0,-999.0
1000201,0.8514,0.9721,0.9775,0.9563,0.9776
1000202,0.8753,0.8775,0.8687,0.9519,0.9552
1000500,-999.0,-999.0,-999.0,-999.0,-999.0
1000600,0.9505,0.6945,0.9808,0.9596,0.9678
1000700,0.0932,0.0101,0.2245,0.8987,0.1154
1000800,0.8552,0.4316,0.9682,0.8981,0.9012
1000900,0.0118,0.0171,0.3454,0.8166,0.0888
1001001,0.2257,0.4145,0.4262,0.528,0.3483
1001002,0.9559,0.9866,0.9761,0.9036,0.99
1001200,0.5242,0.6795,0.7454,0.8705,0.7766
1001300,0.0085,0.0089,0.4544,0.7561,0.0722
1001401,0.0769,0.2916,0.4493,0.8514,0.368
1001402,0.5344,0.4335,0.8771,0.6991,0.6915
1001501,0.3034,0.2061,0.688,0.955,0.6151
1001502,0.1459,0.0072,0.4,0.9998,0.3614
1001600,0.7362,0.1456,0.9268,0.7534,0.7398
1001800,0.7029,0.0917,0.9047,0.9816,0.8147
1002000,0.9358,0.9864,0.9796,0.9449,0.9919
1002100,0.0033,0.0508,0.3685,0.9182,0.19399999999999998
1002201,0.8143,0.5725,0.8944,0.9333,0.9027
1002202,0.3378,0.0388,0.6631,0.9501,0.5012
1002400,0.9675,0.8296,0.9654,0.5215,0.9203
1002500,0.9905,0.792,0.9953,0.9975,0.9990000000000001
1002601,0.6807,0.3631,0.7971,0.9449,0.8251
1002602,0.425,0.10099999999999999,0.6652,0.8914,0.5732
1002700,0.5383,0.2063,0.9227,0.9007,0.7351
1002800,0.5149,0.5857,0.7357,0.9295,0.7801
1002900,0.8440000000000001,0.4672,0.9513,0.9851,0.9353
1003001,0.4677,0.0078,0.6188,0.8641,0.3844
1003002,0.3363,0.2105,0.6373,0.8823,0.5664
1003100,0.4664,0.0062,0.6095,0.9762,0.47200000000000003
1003200,0.1956,0.0828,0.3798,0.8079,0.2983
1003300,0.1517,0.0432,0.3344,0.6343,0.1602
1003400,0.5794,0.0361,0.547,0.6075,0.4073
1003601,0.7120000000000001,0.3119,0.8668,0.9128,0.8234
1003602,0.5692,0.0436,0.5518,0.9432,0.5849
1003700,0.0334,0.0849,0.4204,0.7696,0.2044
1003800,0.3402,0.0384,0.5513,0.9271,0.4479
1003900,0.0224,0.266,0.2619,0.5551,0.1512
1004000,0.1442,0.0136,0.3885,0.93,0.2158
1004100,0.4797,0.1258,0.8796,0.9768,0.7315
1004200,0.3367,0.0138,0.3843,0.9573,0.3346
1004300,0.2534,0.0357,0.6404,0.8338,0.3587
1004400,0.1015,0.0911,0.3623,0.6347,0.188
1004500,0.1533,0.0824,0.6295,0.9028,0.41200000000000003
1004700,0.0825,0.0799,0.1942,0.6148,0.1176
1004800,0.1929,0.0366,0.3245,0.9266,0.2876
1004900,0.1001,0.0506,0.3915,0.8864,0.2544
1005000,0.168,0.018000000000000002,0.2918,0.8941,0.1917
1005200,0.1828,0.0467,0.3882,0.8788,0.2915
1005400,0.0319,0.0363,0.3049,0.9196,0.1844
1005501,0.0425,0.0954,0.3155,0.9799,0.3255
1005502,0.3404,0.0541,0.2472,0.9457,0.3838
1005600,0.3672,0.0297,0.433,0.9188,0.3921
1005700,0.0133,0.0679,0.1505,0.4942,0.0506
1005800,0.0978,0.0134,0.5454,0.5528,0.099
1005900,0.0191,0.0568,0.2635,0.9298,0.1992
1006000,0.0238,0.1516,0.3701,0.6409,0.1774
1006100,0.0868,0.0399,0.3258,0.9474,0.2508
1006200,0.6077,0.0335,0.6363,0.9990000000000001,0.7390000000000001
1006300,0.039,0.22899999999999998,0.2229,0.8794,0.2622
1006400,0.0912,0.0202,0.374,0.8504,0.1614
1006500,0.1361,0.0209,0.3416,0.977,0.2662
1006600,0.332,0.336,0.6689,0.9202,0.6346
1006700,0.0435,0.0266,0.1192,0.7484,0.0645
1006800,0.2516,0.0157,0.3433,0.9571,0.2844
1006900,0.0012,0.0184,0.2878,0.92,0.1008
1007000,0.0798,0.0169,0.4427,0.8431,0.1637
1007100,0.0336,0.0605,0.1649,0.8908,0.16699999999999998
1007200,0.1618,0.0081,0.5569,0.9293,0.2525
1007300,0.2248,0.0262,0.1287,0.6337,0.1048
1007400,0.0537,0.0149,0.4132,0.9961,0.3025
1007500,0.1567,0.0465,0.179,0.6144,0.1178
1007600,0.1871,0.0126,0.6388,0.7341,0.2102
1007700,0.1148,0.0302,0.2043,0.6241,0.0876
1007800,0.139,0.0223,0.4433,0.8531,0.2149
1007900,0.2976,0.165,0.0872,0.5864,0.2268
1008000,0.0611,0.1553,0.1849,0.8976,0.255
1008100,0.1722,0.0463,0.4466,0.9337,0.3407
1008200,0.0062,0.0847,0.3437,0.4768,0.0822
1008300,0.6098,0.2739,0.6837,0.7853,0.6793
1008400,0.17300000000000001,0.0076,0.5713,0.8740000000000001,0.2247
1008601,0.0298,0.0083,0.2897,0.5247,0.0241
1008602,-999.0,-999.0,-999.0,-999.0,-999.0
1008603,0.1104,0.0958,0.1623,0.4331,0.0923
1008700,0.0251,0.0167,0.4614,0.6173,0.0724
1008800,0.0837,0.1076,0.3491,0.6838,0.1996
1008900,0.3237,0.052000000000000005,0.4509,0.9988,0.5938
1009000,0.040999999999999995,0.0442,0.4678,0.9262,0.2616
1009100,0.1896,0.0271,0.4058,0.9872,0.3689
1009200,0.0247,0.0235,0.4538,0.8436,0.1506
1009300,0.3063,0.1749,0.6509,0.7422,0.4718
1009400,0.0,0.0039,0.0526,0.3763,0.0006
1009500,0.3792,0.0093,0.3592,0.9548,0.33299999999999996
1009600,0.0027,0.006,0.2334,0.3539,0.0041
1009700,0.4936,0.5531,0.6709,0.8235,0.7012
1009800,0.03,0.1206,0.3695,0.9913,0.3896
1009900,0.1805,0.0097,0.5674,0.7839,0.2017
1010000,0.0541,0.0217,0.4208,0.7093,0.1087
1010100,0.3452,0.0124,0.66,0.9602,0.4286
1010200,0.0636,0.1006,0.5371,0.7886,0.2836
1010300,0.0891,0.0068,0.42,0.9016,0.1577
1010400,0.1363,0.1853,0.4386,0.838,0.3583
1010601,0.0077,0.3546,0.1765,0.3829,0.0948
1010602,0.0015,0.0299,0.4186,0.8295,0.1207
1010800,0.0019,0.0589,0.3313,0.9233,0.1921
1010900,0.0064,0.0248,0.3373,0.9629,0.1743
1011000,0.1189,0.0359,0.3994,0.76,0.1836
1011100,0.1942,0.0374,0.6511,0.9051,0.3784
1011201,0.0128,0.1154,0.3988,0.5327,0.1259
1011202,0.0104,0.2123,0.4709,0.3152,0.1145
1011203,0.0559,0.0314,0.2115,0.8628,0.1303
1011300,0.6998,0.0553,0.3825,0.7911,0.5282
1011401,0.0506,0.4339,0.1926,0.8535,0.3052
1011402,0.1231,0.1586,0.2501,0.4801,0.1581
1011500,0.4372,0.012,0.779,0.9772,0.5329999999999999
1011600,0.0607,0.0293,0.3718,0.978,0.2604
1011700,0.1498,0.0107,0.6309,0.8002,0.2112
1011800,0.0352,0.1875,0.3004,0.7538,0.2131
1011900,0.8581,0.4919,0.687,0.586,0.7844
1012000,0.0346,0.1295,0.3041,0.741,0.1876
1012100,0.5083,0.43700000000000006,0.5961,0.8199,0.6641
1012200,0.0097,0.3286,0.3153,0.4882,0.155
1012400,0.0294,0.2195,0.541,0.9488,0.4093
1012500,0.1446,0.0143,0.5124,0.8394,0.2048
1012600,0.0041,0.1506,0.2763,0.6844,0.1334
1012700,0.1627,0.0403,0.5375,0.9907,0.4481
1012800,0.0477,0.3222,0.3175,0.5537,0.2029
1012900,0.1966,0.0196,0.5703,0.8713,0.2826
1013000,0.1386,0.2924,0.2767,0.5713,0.2353
1013100,0.131,0.0562,0.6054,0.8539,0.3334
1013200,0.0083,0.0869,0.4029,0.7503,0.1707
1013300,0.2857,0.0481,0.6322,0.932,0.4624
1013400,0.0361,0.0458,0.3548,0.7752,0.1465
1013500,0.5396,0.2028,0.7241,0.938,0.7141
1013600,0.0141,0.0669,0.2449,0.6569,0.0936
1013700,0.0622,0.2177,0.3996,0.8659,0.3266
1013800,0.052000000000000005,0.0351,0.3369,0.9977,0.3525
1013900,0.2538,0.0702,0.5435,0.8415,0.3838
1014000,0.0052,0.1225,0.1689,0.4824,0.0639
1014200,0.0215,0.5161,0.2682,0.7526,0.2722
1014300,-999.0,0.4678,0.4827,-999.0,-999.0
1014401,0.0889,0.1012,0.2837,0.6129,0.1633
1014402,0.0551,0.1268,0.2107,0.6436,0.14
1014500,0.1946,0.0682,0.4419,0.9528,0.3975
1014601,0.0079,0.0054,0.5548,0.9217,0.1409
1014602,0.0949,0.0929,0.3458,0.5719,0.1651
1014700,0.057,0.0122,0.4685,0.7617,0.1129
1014801,0.0617,0.2043,0.2454,0.5744,0.1676
1014802,0.034,0.076,0.3907,0.5539,0.1183
1014900,0.0365,0.1694,0.3037,0.8858,0.272
1015001,0.0479,0.3658,0.1542,0.4544,0.1344
1015002,0.0203,0.3532,0.3165,0.5439,0.1838
1015100,0.4229,0.7646,0.7715,0.6233,0.6803
1015200,0.3705,0.6043,0.4503,0.6125,0.517
1015300,0.0039,0.1819,0.1635,0.6179,0.1046
1015400,0.086,0.0962,0.47200000000000003,0.7756,0.2651
1015500,0.0916,0.1194,0.2132,0.6697,0.1683
1015601,0.0375,0.013000000000000001,0.5241,0.8945,0.1737
1015602,0.5443,0.1454,0.7689,0.9393,0.7083
1015700,0.1637,0.0704,0.2214,0.9068,0.271
1015801,0.0226,0.0797,0.2047,0.8746,0.1741
1015802,0.304,0.013999999999999999,0.5594,0.9845,0.4278
1015900,0.0694,0.1328,0.3728,0.608,0.1911
1016001,0.0035,0.1134,0.2474,0.5381,0.0826
1016002,0.1542,0.0421,0.3744,0.8471,0.2438
1016100,0.2097,0.0291,0.2992,0.5249,0.1151
1016200,0.8666,0.8738,0.8565,0.8881,0.9373
1016300,0.0968,0.0841,0.2322,0.7824,0.1927
1016400,0.9461,0.7233,0.9109,0.8135,0.9305
1016500,0.0746,0.214,0.4293,0.6115,0.2371
1016600,0.7588,0.1532,0.8235,0.9791,0.8438
1016700,0.0852,0.2001,0.2637,0.4743,0.1517
1016800,0.8446,0.98,0.7769,0.9662,0.9651
1016900,0.0748,0.095,0.3963,0.8375,0.2593
1017000,0.8226,0.4164,0.9159,0.9397,0.8934
1017100,0.16,0.0634,0.3938,0.84,0.2776
1017200,0.9314,0.3771,0.8639,0.8972,0.9052
1017300,0.1032,0.2658,0.5412,0.6668,0.3261
1017401,0.9016,0.9979,0.8402,0.8668,0.9747
1017402,0.754,0.4304,0.672,0.7043,0.7473
1017500,0.0025,0.1537,0.2957,0.9157,0.2376
1017700,0.2099,0.5017,0.5369,0.7489,0.4786
1017800,0.6131,0.121,0.7808,0.8958,0.7041
1017900,0.2806,0.2763,0.5738,0.754,0.4722
1018000,0.9078,0.8273,0.8227,0.9026,0.9413
1018100,0.2841,0.6026,0.5002,0.6718,0.5023
1018200,0.9196,0.8833,0.861,0.9886,0.9832
1018300,0.1152,0.2005,0.3872,0.9874,0.4743
1018400,0.9441,0.8375,0.927,0.8885,0.9573
1018500,0.0684,0.1582,0.3427,0.8108,0.2614
1018600,0.9407,0.8172,0.8633,1.0,0.9946
1018700,0.2982,0.3032,0.3076,0.851,0.4463
1018800,0.8346,0.4477,0.8889,0.9254,0.8917
1018900,0.8392,0.8649,0.8553,0.9229,0.9376
1019000,0.3854,0.1846,0.6932,0.6813,0.5033
1019100,0.4279,0.1175,0.626,0.8844,0.5697
1019200,0.9824,0.9153,0.9334,0.8952,0.9790000000000001
1019300,0.6956,0.2978,0.7981,0.9482,0.8203
1019400,0.862,0.8466,0.9209999999999999,0.9592,0.9541
1019500,0.2799,0.1722,0.6019,0.8599,0.5021
1019600,0.9273,0.8348,0.8740000000000001,0.9706,0.9685
1019701,0.4266,0.0188,0.5225,0.9658,0.456
1019702,0.5286,0.1537,0.6961,0.8993,0.6627
1019800,0.6556,0.6084,0.5905,0.8444,0.7693
1019900,0.3276,0.0355,0.4907,0.9932,0.534
1020000,0.32799999999999996,0.1099,0.5726,0.9155,0.5251
1020101,0.4416,0.0041,0.3466,0.9449,0.3247
1020102,0.5184,0.2571,0.6039,0.8324,0.6328
1020300,0.8052,0.0281,0.5031,0.9747,0.6934
1020500,0.2294,0.0283,0.4276,0.861,0.2755
1020600,0.7487,0.628,0.701,0.9584,0.8776
1020701,0.311,0.0103,0.5555,0.9509,0.3608
1020800,0.5232,0.1568,0.7216,0.902,0.6716
1020901,0.8284,0.8802,0.8379,0.821,0.9137
1021000,0.8968,0.8304,0.7928,0.5854,0.8813
1021100,0.5665,0.096,0.5984,0.9289,0.6456
1021200,0.5874,0.7664,0.7159,0.9053,0.8309
1021303,0.5995,0.1508,0.8396,0.9617,0.7622
1021400,0.4633,0.1322,0.45299999999999996,0.7487,0.4705
1021500,0.764,0.5584,0.7833,0.9327,0.8714
1021600,0.5481,0.1807,0.6118,0.9097,0.6705
1021703,-999.0,0.0,0.0,0.0,-999.0
1021800,0.7509,0.3722,0.5128,0.8322,0.7417
1021900,0.9635,0.9533,0.8726,0.9032,0.977
1022000,0.6395,0.0607,0.7322,0.7159,0.5718
1022102,0.2746,0.0973,0.4911,0.655,0.3282
1022200,0.5566,0.1179,0.5835,0.8651,0.6098
1022301,0.7043,0.1464,0.9237,0.7263,0.7139
1022302,0.8746,0.6344,0.9192,0.7787,0.8927
1022400,0.8893,0.6709999999999999,0.6652,0.8842,0.8971
1022500,0.8332,0.4651,0.8658,0.9401,0.8956
1022600,0.5752,0.1853,0.7907,0.9123,0.723
1022700,0.7107,0.2662,0.7998,0.8572,0.7718
1022800,0.7223,0.2443,0.6138,0.9103,0.7641
1022900,0.8276,0.2375,0.8901,0.9285,0.8604
1023000,0.9024,0.6078,0.7499,0.9414,0.9207
1023100,0.701,0.0814,0.8357,0.9954,0.8413
1023200,0.9182,0.7685,0.8761,0.9697,0.9575
1023300,0.5446,0.2154,0.7929999999999999,0.8813,0.7023
1023400,0.8185,0.2765,0.7796,0.7366,0.7793
1023501,0.8048,0.1487,0.8691,0.8869,0.8131
1023502,0.6881,0.6485,0.6474,0.9374,0.8440000000000001
1023600,0.6073,0.8377,0.6957,0.7124,0.782
1023700,0.8036,0.2805,0.8414,0.863,0.8293
1023801,0.3112,0.0696,0.6268,0.961,0.5332
1023802,0.6548,0.3135,0.7701,0.9867,0.8446
1023900,0.9167,0.4149,0.9332,0.764,0.8807
1024000,1.0,0.0903,0.6563,-999.0,-999.0
1024100,0.7056,0.2776,0.9016,0.9903,0.8799
1024200,0.9206,0.9038,0.894,0.9822,0.9817
1024301,0.8856,0.4845,0.9037,0.9737,0.9299
1024302,0.9954,0.9413,0.9843,0.9248,0.9923
1024500,0.8989,0.3371,0.9540000000000001,0.8867,0.8998
1024700,0.5705,0.3325,0.9006,0.9049,0.7722
1024900,0.8485,0.2299,0.8948,0.9511,0.8793
1025100,0.9652,0.7076,0.9386,0.9865,0.9815
1025300,0.9126,0.2844,0.9384,0.9281,0.9077
1025500,0.6376,0.24,0.8093,0.9755,0.8114
1025700,0.3338,0.185,0.6254,0.6685,0.4527
1025900,0.33399999999999996,0.1774,0.7579,0.8046,0.5473
1026100,0.9366,0.7757,0.9812,0.9244,0.9620000000000001
1026300,0.8856,0.4899,0.9540000000000001,0.7777,0.8832
1026500,0.6834,0.3189,0.8507,0.7418,0.7396
1026700,0.799,0.0661,0.6769,0.9729,0.7805
1026900,0.9171,0.7183,0.9666,0.972,0.9637
1027100,0.8740000000000001,0.3352,0.9037,0.8541,0.8695
1027300,0.2027,0.2297,0.6274,0.8063,0.455
1027500,0.3976,0.4025,0.6157,0.9057,0.6581
1027700,0.9712,0.7739,0.9357,0.9795,0.9826
1027900,0.9076,0.5545,0.9318,0.7675,0.8942
1028100,0.051,0.0727,0.4087,0.9389,0.2936
1028300,0.7843,0.3046,0.8986,0.7627,0.7983
1028500,0.9279,0.3901,0.953,0.9399,0.9276
1028700,0.7563,0.4277,0.821,0.8649,0.8307
1029100,0.8531,0.6363,0.9551,0.8065,0.899
1029300,0.8842,0.7867,0.9606,0.8123,0.9268
1029500,0.6413,0.1838,0.8066,0.8525,0.7216
1029700,-999.0,-999.0,0.9872,-999.0,-999.0
1029900,0.9847,0.9924,0.986,0.7729,0.9853
1030300,0.5176,0.1165,0.7664,0.7636,0.5871
1030700,0.2016,0.184,0.5643,0.5899,0.3392
1030900,0.9269,0.8969,0.9229,0.8518,0.9527
1031100,-999.0,-999.0,-999.0,-999.0,-999.0
1031703,0.022000000000000002,0.1031,0.3903,0.7068,0.1761
1031704,0.0234,0.0394,0.3779,0.7312,0.1216
1031900,-999.0,-999.0,-999.0,-999.0,-999.0
4000100,0.0773,0.0147,0.6052,0.9349,0.2492
4000200,0.6525,0.2034,0.9223,0.2468,0.545
4000400,0.6873,0.5743,0.9594,0.6743,0.7961
4000600,0.7416,0.3645,0.8827,0.2714,0.6344
4000700,0.1631,0.0192,0.5598,0.5493,0.1417
4000800,0.8044,0.2301,0.8738,0.2335,0.6191
4001000,0.6409,0.2966,0.9002,0.2665,0.5649
4001200,0.5456,0.3891,0.8433,0.4099,0.5853
4001400,0.6513,0.4048,0.8555,0.39,0.6384
4001600,0.7178,0.1867,0.8893,0.54,0.6726
4001800,0.5959,0.6353,0.8849,0.488,0.7041
4001900,0.1092,0.0064,0.3639,0.6554,0.0714
4002000,0.7031,0.3511,0.8903,0.0568,0.4778
4002200,0.7111,0.1605,0.8707,0.9082,0.7842
4002400,0.816,0.5492,0.9214,0.6517,0.8324
4002500,0.9689,0.9665,0.9326,0.7018,0.9577
4002600,0.6088,0.7003,0.8903,0.7167,0.7865
4002800,0.7913,0.315,0.8938,0.484,0.7290000000000001
4003000,0.8326,0.5582,0.7724,0.3771,0.7438
4003100,0.5812,0.0186,0.7753,0.7969,0.4923
4003200,0.7837,0.17600000000000002,0.8722,0.2818,0.6089
4003300,0.5468,0.026000000000000002,0.7499,0.9890000000000001,0.6604
4003400,0.8547,0.6128,0.8662,0.3993,0.7902
4003600,0.6788,0.5944,0.8798,0.2893,0.6618
4003700,-999.0,-999.0,-999.0,-999.0,-999.0
4003800,0.7109,0.8061,0.8392,0.4478,0.7707
4003900,0.8695,0.305,0.7829,0.8523,0.8485
4004001,0.8148,0.5832,0.7967,0.748,0.8405
4004002,0.7851,0.2321,0.8911,0.5056,0.7104
4004200,0.8199,0.3375,0.9021,0.3106,0.6956
4004300,0.9215,0.9281,0.9329999999999999,0.8545,0.9585
4004401,0.7215,0.4688,0.9095,0.5139,0.7376
4004500,0.3987,0.3753,0.6555,0.3701,0.4483
4004700,0.7443,0.6844,0.8014,0.6479,0.8039
4005000,0.7404,0.8907,0.9159,0.9656,0.9382
4005100,0.8251,0.0634,0.8151,0.8595,0.7509999999999999
4005200,0.792,0.1291,0.8656,0.2973,0.5963
4005300,0.4082,0.0423,0.6386,0.53,0.34
4005400,0.7584,0.4279,0.8023,0.33799999999999997,0.6699
4005500,0.5912,0.309,0.8918,0.5945,0.662
4005700,0.7447,0.0308,0.7798,0.9117,0.6865
4005800,0.6869,0.4657,0.7955,0.2648,0.6071
4005900,0.43,0.0855,0.6431,0.7323,0.4761
4006100,0.3419,0.0671,0.6854,0.8811,0.4979
4006201,0.615,0.7955,0.4249,0.4451,0.6224
4006202,0.7648,0.735,0.6225,0.2366,0.6631
4006300,0.3388,0.0345,0.6528,0.4963,0.2803
4006501,0.35600000000000004,0.0165,0.5534,0.627,0.2432
4006502,0.4401,0.0211,0.6625,0.5035,0.2975
4006900,0.6088,0.0673,0.7122,0.9173,0.6606
4007100,0.2377,0.0324,0.5539999999999999,0.5048,0.2019
4007300,0.2126,0.0145,0.6439,0.6133,0.1942
4007500,0.3738,0.1066,0.6173,0.7199,0.4529
4007700,0.3632,0.0105,0.653,0.8276,0.3376
4007900,0.6937,0.6124,0.7445,0.5959,0.7409
4008100,0.4915,0.0194,0.7722,0.7924,0.4471
4008300,0.4834,0.0349,0.7575,0.7876,0.488
4008500,0.8527,0.4221,0.7889,0.8916,0.8712
4008600,0.7068,0.1276,0.7441,0.3531,0.544
4008700,0.9828,0.9217,0.8441,0.7184,0.9459
4008800,0.6506,0.5527,0.7142,0.1558,0.5359
4009100,0.5493,0.2334,0.7303,0.6301,0.5946
4009400,0.7947,0.6165,0.7759,0.3228,0.7166
4009500,0.5075,0.113,0.6256,0.2706,0.3554
4009600,0.6042,0.2249,0.7412,0.662,0.6299
4009700,0.2619,0.024,0.5493,0.4001,0.1577
4009800,0.9043,0.1933,0.9045,0.4517,0.7556
4009900,-999.0,-999.0,-999.0,-999.0,-999.0
4010000,0.7252,0.1861,0.7569,0.2292,0.5295
4010100,0.2808,0.038,0.4468,0.4113,0.1732
4010200,0.8315,0.0985,0.7384,0.3119,0.5786
4010300,0.5052,0.1617,0.6478,0.5868,0.5145
4010400,0.6799,0.08800000000000001,0.6336,0.3346,0.4568
4010500,0.7831,0.7131,0.7231,0.4671,0.7672
4010600,0.8784,0.4215,0.8678,0.6314,0.828
4010701,-999.0,-999.0,-999.0,-999.0,-999.0
4010800,0.8825,0.3238,0.907,0.3429,0.7402
4011000,0.7607,0.2274,0.7965,0.2992,0.6004
4011100,0.564,0.057,0.6604,0.419,0.4058
4011200,0.8738,0.8496,0.7948,0.4909,0.8585
4011300,0.4179,0.0494,0.7328,0.8104,0.4873
4011400,0.8293,0.1468,0.8751,0.3166,0.639
4011500,0.1687,0.0219,0.5697,0.5141,0.1473
4011600,0.6734,0.063,0.8581,0.5464,0.5647
4011700,0.3564,0.0353,0.5953,0.5012,0.2757
4011800,0.8492,0.1941,0.9031,0.3108,0.6772
4011900,0.5325,0.0372,0.6085,0.5021,0.3712
4012000,0.8777,0.1541,0.8728,0.2391,0.6419
4012100,0.2984,0.064,0.5806,0.57,0.3085
4012200,0.7569,0.3961,0.8744,0.8002,0.8104
4012301,0.3121,0.0254,0.5419,0.3061,0.1446
4012400,0.7209,0.3693,0.8885,0.47,0.6975
4012500,0.3446,0.0306,0.6596,0.4308,0.2519
4012601,0.7116,0.2049,0.9231,0.4177,0.6465
4012602,0.7391,0.2356,0.8536,0.363,0.6315
4012800,0.5137,0.6758,0.733,0.3949,0.6108
4013000,0.6152,0.5549,0.7223,0.7702,0.7427
4013200,0.7621,0.4442,0.8155,0.7375,0.7929
4013400,0.4146,0.209,0.6973,0.8521,0.6031
4013500,0.495,0.2202,0.4359,0.092,0.2336
4013600,0.2002,0.1543,0.6685,0.5943,0.3566
4013700,0.1256,0.0477,0.488,0.4658,0.1436
4013800,0.4865,0.5374,0.7635,0.7831,0.701
4014000,0.2737,0.3509,0.7379,0.7412,0.5346
4014100,0.4621,0.0913,0.7037,0.89,0.5925
4014201,0.7217,0.3841,0.9259999999999999,0.4859,0.7174
4014202,0.8444,0.4263,0.9279999999999999,0.8019,0.86
4014300,0.568,0.0312,0.6421,0.6038,0.4205
4014400,0.6674,0.3689,0.9122,0.3663,0.6446
4014500,0.7315,0.0981,0.6402,0.4627,0.5529
4014700,0.3748,0.1551,0.6161,0.8902,0.5651
4014800,0.8653,0.0834,0.9091,0.1276,0.5463
4014900,0.5019,0.0225,0.612,0.2947,0.2365
4015000,0.6969,0.0743,0.8984,0.1531,0.4301
4015100,0.4441,0.1532,0.5779,0.7524,0.5189
4015200,0.8025,0.5646,0.8809999999999999,0.3784,0.7506
4015300,0.3272,0.0287,0.7109,0.9888,0.5556
4015400,0.8272,0.0304,0.9126,0.6063,0.6365
4015500,0.3226,0.0504,0.6922,0.4878,0.3093
4015600,0.7147,0.1109,0.8781,0.3065,0.5512
4015700,0.5615,0.055999999999999994,0.8076,0.7439,0.5608
4015801,0.8266,0.6227,0.8027,0.4656,0.7828
4015802,0.7484,0.2749,0.8097,0.4269,0.6595
4015900,0.6194,0.0677,0.674,0.4778,0.4703
4016100,0.7634,0.102,0.8115,0.42,0.5994
4016300,0.914,0.6066,0.9052,0.5164,0.8517
4016400,0.8021,0.303,0.7623,0.3378,0.6583
4016600,0.7267,0.2823,0.7377,0.6424,0.6998
4016800,0.7024,0.665,0.7497,0.4716,0.7251
4016900,0.4747,0.0413,0.7474,0.5748,0.4168
4017000,0.8301,0.0991,0.8835,0.3473,0.6274
4017100,-999.0,-999.0,-999.0,-999.0,-999.0
4017200,0.6693,0.5386,0.6975,0.1133,0.5081
4017400,0.7669,0.4577,0.7977,0.5255,0.7369
4017600,0.8181,0.5607,0.6897,0.3433,0.7058
4017800,0.6055,0.7931,0.7212,0.4016,0.6871
4017900,0.8286,0.0112,0.8852,0.7209,0.6023
4018000,0.9142,0.5884,0.6823,0.184,0.7064
4018101,0.5729,0.0502,0.8274,0.6728,0.5349
4018102,0.2913,0.0248,0.626,0.574,0.2444
4018200,0.821,0.4562,0.7963,0.4281,0.7363
4018300,0.4573,0.0539,0.7872,0.8139,0.5355
4018401,0.654,0.9397,0.5979,0.3415,0.7156
4018402,0.7455,0.6656,0.68,0.5178,0.7436
4018501,0.4519,0.1097,0.7726,0.5854,0.4911
4018502,0.436,0.0956,0.7767,0.6707,0.5
4018600,0.7325,0.7877,0.7781,0.2855,0.7151
4018700,0.3243,0.0444,0.8435,0.7922,0.451
4018800,0.6609999999999999,0.3459,0.7977,0.4231,0.6261
4018900,0.47700000000000004,0.0434,0.8505,0.9324,0.6131
4019000,0.6254,0.1964,0.7616,0.156,0.4338
4019200,0.597,0.2879,0.6899,0.1318,0.4145
4019400,0.6239,0.5143,0.7064,0.1631,0.5112
4019600,0.7609,0.2416,0.5664,0.5543,0.6382
4019800,0.9005,0.4944,0.9390000000000001,0.3324,0.7907
4019900,0.8966,0.0043,0.7555,0.8119,0.6313
4020200,0.7789,0.5171,0.7344,0.5369,0.7446
4020400,0.8479,0.2441,0.9375,0.9704,0.8992
4020500,0.6341,0.1351,0.9408,0.5922,0.6421
4020600,0.8253,0.2014,0.9245,0.3825,0.6963
4020800,0.7942,0.3767,0.8482,0.5579999999999999,0.7521
4021200,0.961,0.5766,0.9544,0.9426,0.9512
4021400,0.9053,0.1309,0.9468,0.6293,0.795
4021600,0.4557,0.2264,0.7643,0.759,0.6025
4021900,-999.0,-999.0,-999.0,-999.0,-999.0
4022001,0.4588,0.0787,0.7744,0.902,0.6048
4022002,0.6461,0.0969,0.8025,0.5284,0.5658
4022900,0.8085,0.0543,0.4827,0.4003,0.4793
4023000,0.7076,0.1227,0.8361,0.1908,0.4842
4023200,0.6065,0.2796,0.8777,0.8879,0.762
4023500,0.7047,0.0576,0.9503,0.6258,0.6338
4023600,0.7348,0.3515,0.9285,0.8514,0.8253
4023800,0.8949,0.2703,0.9816,0.9366,0.9106
4024000,0.8962,0.7515,0.98,0.948,0.9562
4024300,0.5298,0.0768,0.8839,0.3197,0.4241
4024500,0.3407,0.1365,0.812,0.9793,0.6697
4024600,-999.0,-999.0,-999.0,-999.0,-999.0
4024700,0.5191,0.057999999999999996,0.9072,0.5883,0.5124
4024900,0.5968,0.1557,0.9115,0.9407,0.7624
4025100,0.4762,0.1016,0.8437,0.6227,0.5326
4025301,0.5669,0.0428,0.8515,0.5831,0.4946
4025302,0.4973,0.0419,0.8882,0.6436,0.4865
4025400,0.8918,0.638,0.9138,0.5553,0.8552
4025500,0.5346,0.1233,0.7701,0.5456,0.5286
4025700,0.3974,0.0686,0.8928,0.8109999999999999,0.5427
4025800,0.8686,0.4153,0.7856,0.1896,0.6683
4025900,0.6577,0.2342,0.9313,0.6094,0.6898
4026000,0.9159,0.6268,0.9497,0.5095,0.8627
4026100,0.7893,0.0601,0.9631,0.7039,0.7079
4026200,0.6726,0.4961,0.7588,0.1457,0.5392
4026300,0.7375,0.1105,0.9221,0.6761,0.6981
4026400,0.8469,0.9122,0.8548,0.7735,0.917
4026500,0.5961,0.0729,0.9532,0.6446,0.5983
4026600,0.9275,0.8903,0.8621,0.5414,0.9058
4026700,0.691,0.1181,0.9509,0.9911,0.8519
4026901,0.626,0.0929,0.9662,0.7685,0.6795
4026902,0.6722,0.0446,0.9470000000000001,0.9639,0.7498
4027000,0.9061,0.8174,0.7456,0.447,0.8498
4027100,0.6496,0.2615,0.981,0.7244,0.7405
4027200,0.7973,0.3315,0.7934,0.276,0.644
4027300,0.6463,0.4407,0.9874,0.8328,0.8162
4027400,0.5671,0.1043,0.6243,0.0559,0.2463
4027500,0.7174,0.4339,0.9806,0.69,0.7946
4027600,0.585,0.6105,0.7866,0.2236,0.5674
4027700,0.6401,0.2202,0.9635,0.6583,0.6994
4027800,0.8572,0.6126,0.8186,0.6061,0.8346
4027900,0.5118,0.39899999999999997,0.9177,0.7909,0.716
4028000,0.4687,0.5089,0.5979,0.1127,0.3687
4028100,0.4186,0.3715,0.8373,0.5039,0.5554
4028200,0.3929,0.6359,0.732,0.1065,0.3956
4028300,0.518,0.2567,0.899,0.9668,0.7753
4028400,0.7248,0.7295,0.6586,0.2447,0.6533
4028500,0.7453,0.2798,0.8429,0.5375,0.7008
4028700,0.33799999999999997,0.2827,0.7831,0.7391,0.5602
4028800,0.6268,0.7187,0.8058,0.2524,0.6376
4028900,0.4596,0.1216,0.8699,0.7004,0.5631
4029100,0.7312,0.0551,0.9208,0.9956,0.8473
4029300,0.4615,0.0161,0.9489,0.3929,0.3249
4029400,0.4275,0.7045,0.5720000000000001,0.9449,0.7494
4029500,0.2598,0.1095,0.7365,0.4538,0.3326
4029700,0.5713,0.419,0.7482,0.2911,0.5386
4029900,-999.0,-999.0,-999.0,-999.0,-999.0
4030600,0.6355,0.7759,0.6841,0.6915,0.767
4030902,0.6685,0.6014,0.853,0.7327,0.7859
4030903,0.6022,0.2951,0.9008,0.7223,0.7046
4030904,0.695,0.2656,0.8101,0.6691,0.6998
4031700,0.2451,0.2553,0.5728,0.5116,0.3595
4032000,0.8394,0.7216,0.6464,0.6403,0.8270000000000001
4032700,0.8523,0.1235,0.9555,0.4735,0.721
4032800,0.4403,0.4329,0.5542,0.4289,0.4726
4032900,0.6931,0.107,0.8478,0.7095,0.6647
4033000,0.5518,0.7786,0.5701,0.5636,0.6729999999999999
4033100,-999.0,-999.0,-999.0,-999.0,-999.0
4033401,0.5758,0.5268,0.606,0.2804,0.523
4033402,0.4525,0.8352,0.5868,0.3328,0.5699
4033700,0.7045,0.3587,0.9495,0.2441,0.6222
4033900,0.5646,0.5335,0.8996,0.5748,0.6952
4034700,0.7679,0.6392,0.9074,0.7085,0.8371
4035100,0.7437,0.7040000000000001,0.9214,0.6028,0.8199
4035200,0.6154,0.7208,0.4214,0.3767,0.5753
4035300,0.8002,0.5715,0.9693,0.5352,0.8178
4035700,0.7259,0.4122,0.8264,0.9952,0.9073
4035800,0.6063,0.6142,0.7258,0.4581,0.6585
4036100,0.8641,0.4259,0.9687,0.7395,0.8622
4036300,0.8404,0.8753,0.9452,0.5879,0.8925
4036500,0.8556,0.4349,0.9703,0.4047,0.7834
4036600,0.6664,0.7098,0.7588,0.2625,0.649
4036700,0.8711,0.3445,0.9297,0.2901,0.7274
4036800,0.6382,0.6534,0.5643,0.1782,0.5276
4037100,0.6496,0.1491,0.8957,0.5522,0.6268
4037300,0.6786,0.2228,0.9518,0.4869,0.6678
4037500,0.7451,0.5611,0.9909,0.924,0.8961
4037600,0.5166,0.7518,0.7151,0.1436,0.5151
4037700,0.7884,0.5198,0.9996,0.5149,0.8116
4037900,0.7431,0.2197,0.9990000000000001,0.5715,0.7442
4038100,0.8564,0.531,0.9924,0.8943,0.9147
4038301,-999.0,-999.0,-999.0,-999.0,-999.0
4038302,-999.0,-999.0,-999.0,-999.0,-999.0
4038400,0.6206,0.5244,0.6682,0.3525,0.5884
4039400,0.5528,0.3649,0.6633,0.3073,0.4969
4039800,0.4322,0.4085,0.5748,0.1208,0.3249
4039900,0.6107,0.5874,0.9926,0.9107,0.856
4040000,0.2944,0.5921,0.7868,0.1343,0.3633
4040100,0.8402,0.6398,0.9998,0.6531,0.8778
4040200,0.6061,0.4682,0.6571,0.0412,0.3749
4040300,0.9105,0.7158,0.9990000000000001,0.878,0.9436
4040400,0.6057,0.8459,0.6899,0.5779,0.7479
4040500,0.8568,0.5525,0.9988,0.7149,0.8817
4040700,0.8094,0.4853,0.9893,0.622,0.8320000000000001
4040900,0.8239,0.5432,0.9981,0.6832,0.8587
4041100,0.7984,0.3885,0.9975,0.2978,0.7261
4041300,0.7756,0.6611,0.9961,0.5354,0.833
4041400,0.8748,0.5688,0.7984,0.4513,0.7944
4041500,0.725,0.7747,0.9447,0.737,0.8591
4042400,0.4921,0.7767,0.7056,0.2576,0.5654
4042600,0.7545,0.4973,0.6495,-999.0,-999.0
4042700,0.735,0.7154,0.9598,0.4894,0.8031
4043200,0.6102,0.361,0.6672,0.2199,0.4857
4043400,0.5091,0.1786,0.5474,0.0976,0.2695
4043701,0.7281,0.7668,0.9165,0.9965,0.9523
4043702,0.7992,0.9453,0.9416,0.6484,0.9044
4043900,0.9306,0.5512,0.9699,0.4847,0.8579
4044000,0.8659,0.5078,0.9033,0.1071,0.6664
4044301,0.9743,0.9511,0.9854,0.7027,0.9633
4044302,0.8305,0.6501,0.9724,0.7929999999999999,0.8921
4044400,0.9086,0.7119,0.9536,0.8893,0.9386
4044601,0.769,0.5595,0.96,0.9223,0.8952
4044602,0.9177,0.7681,0.9602,0.9741,0.9691
4044800,0.9026,0.1923,0.9464,0.4921,0.7778
4045000,0.4673,0.0803,0.8225,0.1873,0.3228
4045200,0.5315,0.7926,0.8196,0.8748,0.8222
4045400,0.7049,0.2889,0.9233,0.8757,0.8087
4045500,0.6747,0.6875,0.8709,0.8804,0.8525
4045600,0.7895,0.5215,0.8969,0.3699,0.7338
4045700,0.5945,0.1146,0.9412,0.5477,0.5959
4045800,0.4944,0.1289,0.8612,0.5935,0.5479
4045900,0.7335,0.2138,0.9792,0.8311,0.8023
4046000,0.8324,0.1822,0.9847,0.7248,0.8059999999999999
4046100,0.8757,0.2423,0.9487,0.6548,0.8164
4046200,0.7039,0.2621,0.9272,0.9963,0.9017
4046300,0.6815,0.2038,0.987,0.5717,0.7006
4046400,0.6564,0.08900000000000001,0.7975,0.8949,0.7054
4046500,0.7772,0.2918,0.9977,0.6384,0.7927
4046600,0.4758,0.284,0.8175,0.9109,0.7143
4046700,0.8601,0.4192,0.9852,0.8481,0.8923
4046800,0.7271,0.5599,0.9019,0.5682,0.7685
4046900,0.7433,0.6171,0.9899,0.7563,0.8531
4047000,0.8320000000000001,0.7348,0.9052,0.3989,0.8122
4047100,0.7903,0.1239,0.9674,0.7157,0.7554
4047200,0.4461,0.2191,0.7773,0.8999,0.6695
4047300,0.6465,0.1297,0.8705,0.6515,0.6407
4047500,0.6977,0.0448,0.9303,0.7851,0.6609999999999999
4047600,0.2953,0.1305,0.6761,0.5112,0.3676
4047800,0.4898,0.4845,0.7449,0.6496,0.6396
4047900,0.7356,0.6898,0.9419,0.742,0.8494
4048000,0.6935,0.3121,0.8889,0.3833,0.6417
4048100,0.6751,0.7718,0.9546,0.9969,0.9494
4048200,0.6679999999999999,0.2216,0.7513,0.7574,0.6961
4048300,0.6231,0.0995,0.9289,0.862,0.71
4048400,0.5296,0.1663,0.8641,0.3297,0.4859
4048500,0.4472,0.0392,0.9309,0.5731,0.4448
4048900,0.6136,0.6481,0.9586,0.61,0.768
4049200,0.4789,0.2675,0.7808,0.6527,0.5917
4049301,0.6019,0.4612,0.7715,0.3885,0.6095
4049302,0.4101,0.6088,0.7386,0.9517,0.7633
4049500,0.501,0.5820000000000001,0.6194,0.1585,0.4386
4049600,0.5682,0.3656,0.8177,0.2561,0.522
4049700,0.4291,0.139,0.8258,0.5286,0.4896
4049900,0.7203,0.2714,0.9167,0.7002,0.7467
4050000,0.7947,0.7943,0.8643,0.9507,0.9251
4050201,0.4631,0.2542,0.8031,0.0676,0.3168
4050202,0.6991,0.3922,0.6798,0.0866,0.4573
4050400,0.5504,0.4606,0.7491,0.7089,0.6826
4050500,0.4706,0.1753,0.7202,0.1233,0.3191
4050600,0.5487,0.406,0.8792,0.1347,0.4707
4050700,0.6272,0.1815,0.7575,0.1944,0.4506
4050800,0.7296,0.6528,0.74,0.7936,0.8226
4051000,0.4992,0.7569,0.7468,0.1237,0.5041
4051100,0.22899999999999998,0.6121,0.6355,0.3224,0.3884
4051200,0.7559,0.8011,0.852,0.1596,0.6929
4051300,0.4217,0.2995,0.6866,0.2281,0.3799
4051500,0.4132,0.254,0.5707,0.3848,0.4017
4051600,0.8129,0.6157,0.9181,0.1676,0.6965
4051700,0.4368,0.1355,0.6476,0.4646,0.4207
4051800,0.6995,0.4938,0.7058,0.2586,0.5927
4052000,0.4768,0.1625,0.6849,0.1674,0.3338
4052100,0.3794,0.3397,0.6812,0.5209,0.4907
4052200,0.2503,0.6365,0.4827,0.0435,0.1969
4052400,0.5622,0.3883,0.9101,0.0997,0.4558
4052500,0.6593,0.223,0.6445,0.26,0.4836
4052600,0.7294,0.4106,0.632,0.1809,0.5379999999999999
4052800,0.6165,0.6328,0.7099,0.1523,0.5365
4053000,0.4184,0.5752,0.5971,0.1668,0.3936
4053100,0.6299,0.4296,0.6722,0.1956,0.5008
4053200,0.5663,0.4139,0.6565,0.3145,0.5197
4053401,0.4418,0.4112,0.7922,0.4105,0.5334
4053500,0.7828,0.3637,0.8214,0.3496,0.6776
4053601,0.6817,0.4252,0.9285,0.4182,0.6863
4053800,0.6906,0.6774,0.8915,0.1857,0.6473
4053900,0.6457,0.071,0.8041,0.442,0.5085
4054000,0.8123,0.2856,0.8843,0.5344,0.7448
4054200,0.5048,0.2226,0.8186,0.569,0.5689
4054500,0.76,0.3575,0.8911,0.4221,0.7004
4054700,0.667,0.1342,0.9194,0.37799999999999995,0.5755
4054800,0.6086,0.0907,0.8241,0.1067,0.3498
4054900,0.7555,0.3565,0.9113,0.9424,0.862
4055100,0.7041,0.1828,0.7505,0.5626,0.6402
4055200,0.5839,0.285,0.8346,0.9861,0.8276
4055300,0.6857,0.1287,0.8497,0.5959,0.6386
4055400,0.5843,0.2377,0.8289,0.3239,0.5305
4055500,0.6363,0.2501,0.8586,0.9434,0.7948
4055600,0.408,0.0936,0.8584,0.0601,0.2241
4055700,0.6779999999999999,0.2505,0.7586,0.8106,0.7288
4055800,0.5317,0.077,0.8118,0.075,0.2714
4055900,0.6826,0.3596,0.8351,0.4923,0.6745
4056000,0.4428,0.0863,0.7522,0.1888,0.2996
4056100,0.0021,0.3414,0.7070000000000001,0.2337,0.1556
4056200,0.6308,0.0461,0.7204,0.0584,0.245
4056400,0.5056,0.7929,0.7876,0.7265,0.7517
4056500,0.5579999999999999,0.1863,0.7544,0.3991,0.5106
4056600,0.5197,0.1049,0.8138,0.265,0.4052
4056700,0.2963,0.2926,0.7402,0.1359,0.2799
4056800,0.6202,0.2881,0.8425,0.5893,0.6577
4057700,0.5852,0.3496,0.7023,0.35700000000000004,0.5446
4057900,0.5999,0.2127,0.6639,0.3125,0.479
4058000,0.6258,0.1797,0.7868,0.6627,0.6367
4058100,0.3707,0.3889,0.6825,0.3514,0.4355
4058200,0.6397,0.2053,0.5715,0.3829,0.5025
4058300,0.3239,0.1318,0.7437,0.2298,0.29
4058500,0.3543,0.0622,0.7396,0.7049,0.4276
4058700,0.4511,0.2261,0.6266,0.4594,0.4548
4058900,0.6672,0.3228,0.7443,0.3363,0.5782
4059000,0.4838,0.7534,0.6835,0.0135,0.3446
4059100,0.4691,0.2623,0.7155,0.3676,0.4678
4059200,0.4057,0.1671,0.7553,0.1046,0.2793
4059300,0.5736,0.1014,0.6179,0.5106,0.4776
4059400,0.3002,0.6283,0.5377,0.1152,0.2963
4059500,0.7062,0.1495,0.7489,0.5487,0.623
4059600,0.415,0.3635,0.5808,0.1898,0.3463
4059800,0.1533,0.3953,0.7879999999999999,0.2565,0.3064
4059900,0.6399,0.4091,0.521,0.43200000000000005,0.56
4060000,0.2252,0.5372,0.7272,0.0533,0.2328
4060100,0.5131,0.7402,0.7008,0.5259,0.6659999999999999
4060300,0.4366,0.1415,0.6384,0.3029,0.3523
4060600,0.2292,0.2639,0.8058,0.085,0.217
4060701,0.0004,0.045,0.2713,0.2172,0.01
4060800,0.2663,0.5347,0.5635,0.0547,0.2143
4061000,0.2851,0.1879,0.4802,0.2429,0.2226
4061200,0.1944,0.1937,0.5429,0.0054,0.0446
4061301,0.6724,0.1826,0.6852,0.3326,0.5234
4061302,-999.0,-999.0,-999.0,-999.0,-999.0
4061400,0.409,0.4752,0.6206,0.1131,0.3373
4061601,0.2969,0.5702,0.7231,0.099,0.3176
4061602,0.1088,0.5733,0.7231,0.0147,0.1263
4061800,0.1834,0.4108,0.5602,0.2638,0.2676
4061900,0.5889,0.4151,0.6437,0.2385,0.4894
4062000,0.0924,0.5223,0.6899,0.0607,0.1674
4062100,0.5251,0.39799999999999996,0.6614,0.126,0.3963
4062200,0.3966,0.4403,0.6924,0.0456,0.2807
4062300,0.2915,0.1718,0.5359,0.2348,0.2342
4062400,-999.0,-999.0,-999.0,-999.0,-999.0
4062500,0.4693,0.1111,0.5948,0.4229,0.3942
4062600,0.4007,0.4205,0.6219,0.0731,0.2902
4062700,0.4807,0.5136,0.6606,0.4971,0.5722
4062900,0.5462,0.4746,0.6577,0.8409,0.7114
4063000,0.1084,0.1716,0.4691,0.0769,0.0701
4063200,0.3396,0.2489,0.7849,0.0603,0.2415
4063301,0.4501,0.2239,0.5402,0.0162,0.162
4063302,0.1633,0.4069,0.3365,0.0356,0.0734
4063500,0.6198,0.506,0.5678,0.2491,0.512
4063700,0.2808,0.2482,0.5553,0.0387,0.1346
4063800,0.5199,0.3651,0.6577,0.2151,0.433
4063900,0.4876,0.3932,0.6777,0.4233,0.5241
4064101,0.385,0.6167,0.5959,0.1838,0.3985
4064102,-999.0,-999.0,-999.0,-999.0,-999.0
4064500,0.593,0.1344,0.6449,0.3964,0.47100000000000003
4064600,0.5133,0.4796,0.5920000000000001,0.0874,0.3573
4065000,0.3264,0.3003,0.6821,0.0624,0.2257
4065400,0.4499,0.3866,0.8423,0.0771,0.3629
4065501,-999.0,-999.0,-999.0,-999.0,-999.0
4065600,0.5004,0.3639,0.6687,0.2582,0.4461
4065702,0.598,0.1979,0.5924,0.4088,0.4927
4065703,0.1981,0.0665,0.4786,0.368,0.1687
4065900,0.2408,0.134,0.4239,0.1977,0.1454
4066000,0.3172,0.5184,0.8004,0.2211,0.4083
4066100,0.2648,0.526,0.4212,0.0379,0.1504
4066300,0.1055,0.4455,0.4573,0.0209,0.0668
4066400,0.5823,0.3858,0.7594,0.5452,0.6297
4066501,0.1954,0.5023,0.3485,0.1714,0.1884
4066701,0.4047,0.6813,0.5169,0.1811,0.39899999999999997
4066900,0.3104,0.3106,0.4522,0.1577,0.2201
4067100,0.3813,0.4372,0.6206,0.0342,0.2382
4067700,0.2505,0.1497,0.4313,0.1411,0.1336
4067900,0.5806,0.6276,0.7598,0.9948,0.8863
4068000,0.4843,0.5642,0.6153,0.2381,0.4666
4068200,0.4148,0.4095,0.7944,0.1287,0.3782
4068300,0.6844,0.4857,0.8809999999999999,0.8303,0.8083
4068700,0.4604,0.1945,0.8148,0.6156,0.5593
4069000,0.5727,0.7297,0.5872,0.7766,0.7371
4069300,0.6162,0.3354,0.7843,0.679,0.6801
4069400,0.6109,0.4672,0.5920000000000001,0.4416,0.5849
4069500,0.4094,0.3463,0.7581,0.3494,0.4614
4069701,0.5097,0.1138,0.7666,0.7743,0.5861
4069702,0.23600000000000002,0.6101,0.7929999999999999,0.4911,0.5044
4070300,0.3129,0.252,0.7101,0.2453,0.327
4070700,0.1813,0.5151,0.6802,0.2196,0.3039
4070900,0.2828,0.1689,0.713,0.3102,0.3141
4071100,0.1034,0.48100000000000004,0.7097,0.7957,0.4867
4071303,0.0576,0.1002,0.4996,0.5079,0.1751
4071304,0.4602,0.5851,0.7247,0.6214,0.6371
4071305,0.1751,0.0979,0.6181,0.6237,0.3075
4071306,0.2772,0.0754,0.752,0.8116,0.4492
4071600,-999.0,-999.0,-999.0,-999.0,-999.0
4071701,0.3535,0.5874,0.7124,0.7915,0.6459
4071702,0.3177,0.3088,0.7652,0.7161,0.5438
4071900,0.7331,0.2392,0.774,0.5644,0.6784
4072100,0.6695,0.4616,0.7625,0.6305,0.7135
4072300,0.1685,0.1169,0.5557,0.6111,0.2942
4072900,0.2101,0.2173,0.6167,0.3009,0.2633
4073100,0.294,0.6029,0.6132,0.0644,0.2683
4073700,0.0926,0.2557,0.534,0.7944,0.366
4073900,0.2337,0.2266,0.6371,0.9092,0.5382
4074100,0.1803,0.3515,0.6287,0.5916,0.3988
4074300,0.4387,0.7014,0.7431,0.604,0.6571
4074500,0.6569,0.9492,0.7338,0.9184,0.9002
4074700,0.5452,0.2827,0.8144,0.9356,0.7533
4074900,0.0344,0.3257,0.4363,0.3353,0.1604
4075701,0.0433,0.1762,0.6666,0.5416,0.2535
4075702,0.2379,0.6016,0.5722,0.8666,0.5867
4076901,0.0692,0.0938,0.5237,0.5686,0.2006
4076902,0.1382,0.1,0.5802,0.5576,0.2556
4077300,0.1204,0.6981,0.6561,0.5966,0.4618
4077500,0.1368,0.1479,0.6146,0.4302,0.2481
4077902,0.402,0.3594,0.4635,0.2209,0.316
4077903,0.5543,0.1256,0.7181,0.4874,0.5052
4077904,0.4884,0.5481,0.7027,0.7638,0.6824
4077905,0.3765,0.6439,0.6507,0.7582,0.6423
4077906,0.4934,0.2627,0.7278,0.7476,0.6166
4077907,0.5723,0.4983,0.5596,0.9905,0.8187
4077908,0.8728,0.0964,0.7388,0.9215,0.8189
4078800,0.6484,0.3567,0.7,0.1216,0.4541
4079000,0.7859999999999999,0.5483,0.8289,0.40700000000000003,0.7353
4079200,0.6757,0.3558,0.9249,0.5833,0.7149
4079300,-999.0,-999.0,-999.0,-999.0,-999.0
4079701,0.6388,0.4135,0.9454,0.8605,0.805
4079702,0.7518,0.0882,0.9641,0.7049,0.7116
4079900,0.9221,0.1939,0.9573,0.4051,0.7666
4080301,0.6778,0.1202,0.9425,0.3788,0.5834
4080302,0.7124,0.6799,0.9262,0.2843,0.7098
4080900,0.3081,0.4294,0.7309,0.8170000000000001,0.5996
4081400,0.7982,0.7753,0.8672,0.5972,0.8456
4081800,0.8709,0.1729,0.8975,0.5126,0.7469
4083700,0.6709,0.10800000000000001,0.9639,0.4766,0.6172
4083800,0.43700000000000006,0.3005,0.8208,0.1538,0.3822
4084000,0.7476,0.5182,0.7986,0.1521,0.5956
4084500,0.7155,0.0942,0.9781,0.9005,0.7809
4084601,0.5924,0.2945,0.7676,0.2918,0.5199
4084602,0.88,0.5407,0.7144,0.4934,0.7894
4084900,0.9084,0.0405,0.9994,0.9623,0.8654
4085300,0.8458,0.2098,0.9835,0.8564,0.8554
4085500,0.7033,0.1055,0.9652,0.7725,0.7232
4085700,0.6979,0.2071,0.9769,0.9689,0.8496
4085900,0.7122,0.2652,0.9553,0.8688,0.8135
4086100,0.6148,0.2249,0.9579,0.5394,0.6562
4086300,0.6469,0.0471,0.9765,0.8817,0.6988
4086400,0.7014,0.5566,0.8113,0.2406,0.6257
4086500,0.7926,0.1704,0.9571,0.7182,0.7724
4086900,0.7957,0.02,0.9845,0.6759,0.6284
4087100,0.6666,0.5442,0.9775,0.6809,0.7892
4088400,0.4018,0.4765,0.4771,0.4175,0.4346
4088901,0.6042,0.2305,0.9404,0.7882,0.7247
4089200,0.1915,0.6642,0.3687,0.3404,0.3068
4090700,0.5381,0.6427,0.8538,0.4536,0.6622
4091601,0.1011,0.6819,0.1212,0.4561,0.2266
4091602,-999.0,-999.0,-999.0,-999.0,-999.0
4091800,-999.0,0.4969,0.0,0.0383,-999.0
4091900,0.7244,0.1565,0.9079999999999999,0.7325,0.7257
4092200,0.0073,0.7359,0.1179,0.1455,0.0753
4092500,0.8846,0.2885,0.9148,0.355,0.7415
4092800,0.0184,0.3466,0.0243,0.0137,0.0027
4092900,0.5634,0.2858,0.8701,0.4478,0.5859
4093401,0.309,0.8583,0.3089,0.5845,0.5079
4093402,0.4246,0.5502,0.4371,0.7683,0.5761
4093800,0.6697,0.7538,0.5561,0.9084,0.8290000000000001
4093900,0.3997,0.0836,0.8043,0.2056,0.299
4094201,0.6314,0.1914,0.6961,0.8114,0.6779999999999999
4094202,0.8102,0.9102,0.6819,0.6807,0.867
4094203,0.43200000000000005,0.4955,0.7315,0.6591,0.6143
4094500,0.4107,0.6766,0.7126,0.2091,0.4739
4094700,0.6554,0.2629,0.8249,0.2781,0.5535
4095400,0.8854,0.8414,0.7567,0.9633,0.9465
4096400,0.7922,0.8052,0.726,0.6355,0.8355
4097202,0.953,0.9583,0.6942,0.7072,0.9328
4097203,0.9745,0.9645,0.8631,0.6703,0.9477
4097204,0.9266,0.9917,0.8462,0.9287,0.9822
4097300,0.4128,0.4387,0.5058,0.0715,0.2618
4098100,0.4482,0.514,0.6742,0.4795,0.5546
4098700,0.2714,0.36200000000000004,0.506,0.1235,0.2137
4099100,0.1664,0.6066,0.547,0.1237,0.2288
4099200,0.9262,0.9634,0.8091,0.9065,0.9656
4099701,0.3597,0.273,0.5377,0.1198,0.2388
4099703,0.0856,0.2577,0.7105,0.5497,0.3232
4099704,0.2625,0.6132,0.6588,0.3956,0.4454
4099705,0.1519,0.1404,0.7054,0.0491,0.1012
4099801,0.5626,0.6632,0.7759,0.8844,0.7998
4099802,0.9287,0.993,0.8918,0.8421,0.973
4099900,-999.0,-999.0,-999.0,-999.0,-999.0
4100801,0.6625,0.8211,0.5437,0.0274,0.4519
4100802,0.8419,0.8176,0.6573,0.6888,0.8535
4101001,0.8541,0.9335,0.7645,0.9418,0.9479
4101002,0.6088,0.885,0.5589999999999999,0.8717,0.8266
4101700,0.3268,0.4608,0.6689,0.1919,0.35
4102900,0.3657,0.8143,0.6462,0.4542,0.5799
4103201,0.9188,0.8622,0.8994,0.6069,0.9109999999999999
4103202,0.8483,0.7852,0.7082,0.8896,0.9075
4103300,0.3688,0.2518,0.7091,0.069,0.2459
4103900,0.6602,0.2359,0.7777,0.2225,0.5089
4104700,0.6334,0.6468,0.8518,0.8189,0.8098
4105900,0.3715,0.7237,0.693,0.2451,0.4797
4107201,0.2505,0.4469,0.2303,0.1167,0.1373
4107202,-999.0,-999.0,-999.0,-999.0,-999.0
4108500,0.3552,0.4496,0.7487,0.3104,0.4434
4109300,0.455,0.5157,0.754,0.1384,0.4243
4109700,0.0777,0.1714,0.5784,0.264,0.1585
4109900,0.4198,0.1683,0.8219,0.4534,0.4695
4111300,0.4745,0.4021,0.6827,0.1042,0.3593
4112300,0.4277,0.1836,0.7827,0.6048,0.5272
4112900,0.1695,0.6731,0.6278,0.4764,0.4334
4113300,0.2138,0.6314,0.6955,0.1212,0.3019
4113900,0.4646,0.1621,0.8122,0.4385,0.4807
4114100,0.2936,0.1904,0.6986,0.1229,0.2278
4114700,0.4161,0.3963,0.6928,0.1395,0.3568
4115100,0.2116,0.2233,0.7076,0.0155,0.1017
4115500,0.6249,0.3207,0.9299,0.505,0.6656
4115700,0.6403,0.4496,0.9441,0.8576,0.812
4115900,0.7723,0.1425,0.9565,0.7762,0.7703
4116100,0.907,0.0946,0.9548,0.9679,0.8888
4116300,0.7812,0.2449,0.9668,0.9637,0.8788
4116700,0.8545,0.0246,0.9736,0.9341,0.7876
4117100,0.6218,0.0872,0.8946,0.8177,0.6714
4117500,0.4791,0.1086,0.8468,0.495,0.4932
4118100,0.4901,0.069,0.8163,0.1923,0.3195
4118500,0.7862,0.1803,0.968,0.5068,0.7197
4118700,0.6952,0.0886,0.9437,0.7986,0.7102
4118900,0.5895,0.0808,0.9367,0.2934,0.4672
4119100,0.6865,0.0409,0.9567,0.4163,0.5313
4119300,0.6683,0.1132,0.9089,0.6392,0.6521
4119500,0.6158,0.2462,0.8301,0.2327,0.5068
4119900,0.6674,0.0609,0.9363,0.2491,0.4658
4120100,0.6508,0.0256,0.9394,0.9523,0.6919
4120300,0.8533,0.1811,0.9282,0.2364,0.6525
4120500,0.8512,0.7307,0.9748,0.8997,0.9315
4120700,0.4666,0.1687,0.8491,0.3322,0.4531
4121100,-999.0,-999.0,-999.0,-999.0,-999.0
4121500,0.7174,0.1935,0.9198,0.3027,0.5988
4122300,0.6028,0.0746,0.8045,0.1378,0.349
4122701,0.5402,0.2778,0.8198,0.6651,0.6342
4122702,0.9389,0.9946,0.8278,0.8898,0.9786
4124100,0.6115,0.4197,0.8443,0.2387,0.5568
4124700,0.6235,0.2736,0.6977,0.3172,0.5226
4125700,0.7758,0.2317,0.8577,0.9588,0.851
4126500,0.6647,0.3327,0.6951,0.4111,0.5961
4126700,0.915,0.0328,0.7006,0.5835,0.6438
4127700,0.1658,0.2842,0.4656,0.0943,0.1187
4128300,-999.0,-999.0,-999.0,-999.0,-999.0
4129102,0.2277,0.3552,0.6233,0.23,0.2799
4129103,0.2799,0.4005,0.5757,0.3079,0.3384
4129104,0.1747,0.2332,0.7555,0.3535,0.3083
4130100,0.2984,0.5149,0.6115,0.17800000000000002,0.3253
4133300,0.4886,0.349,0.7105,0.2482,0.4446
4133900,0.2033,0.6677,0.6443,0.1382,0.3056
4134100,0.5358,0.3028,0.8340000000000001,0.2375,0.4822
4134700,0.5526,0.0644,0.8365,0.5866,0.5162
4136700,0.5721,0.3969,0.8621,0.4702,0.6247
4137700,0.5603,0.5958,0.8532,0.4453,0.6575
4138501,0.2959,0.21,0.846,0.051,0.2141
4138502,0.7167,0.4963,0.2534,-999.0,-999.0
4139900,0.1007,0.4283,0.7198,0.5821,0.3932
4140300,0.3065,0.0991,0.8359,0.2296,0.2828
4140901,0.3251,0.3364,0.8594,0.2395,0.3905
4140902,0.4345,0.1334,0.9027,0.196,0.3658
4141700,0.5079,0.2753,0.8082,0.0729,0.3483
4142900,0.379,0.1198,0.8447,0.3127,0.3703
4143500,0.3326,0.1842,0.8153,0.0702,0.2349
4144100,0.2435,0.2222,0.7889,0.2138,0.2878
4144700,0.706,0.4777,0.9103,0.3867,0.6946
4145101,0.4983,0.4903,0.8132,0.3114,0.5442
4145102,0.4787,0.5545,0.8981,0.3618,0.5921
4145900,0.3771,0.0481,0.86,0.1038,0.2039
4146300,0.431,0.3259,0.7476,0.6641,0.5768
4146700,0.1434,0.1336,0.7064,0.9359999999999999,0.4886
4147100,0.3918,0.1369,0.7649,0.7288,0.5278
4147900,0.2586,0.3183,0.7305,0.3402,0.3635
4148300,0.0441,0.4011,0.5416,0.0825,0.0994
4150701,0.1254,0.2573,0.5792,0.6173,0.3322
4150702,0.2592,0.7024,0.7254,0.7184,0.601
4152901,0.3164,0.2534,0.7852,0.3409,0.3927
4152902,0.3185,0.2208,0.7297,0.6504,0.4805
4155101,0.0713,0.4965,0.0992,0.7331,0.244
4155102,0.3007,0.4907,0.5581,0.5557,0.4587
4156700,0.932,0.4395,0.8157,0.8305,0.8894
4157101,0.3703,0.115,0.7198,0.3085,0.3317
4157102,0.6289,0.1421,0.8233,0.1438,0.4222
4157901,0.1502,0.2526,0.7318,0.2039,0.2286
4157902,0.3353,0.1311,0.7109,0.2549,0.2973
4157903,0.6453,0.5644,0.7592,0.1703,0.5544
4161700,0.1799,0.0989,0.6551,0.0744,0.1033
4162100,0.6278,0.2726,0.7746,0.7547,0.695
4990100,-999.0,-999.0,-999.0,-999.0,-999.0
5000300,0.4544,0.1171,0.639,0.9113,0.6056
5000600,0.685,0.4709,0.7047,0.6973,0.727
5000700,0.8278,0.9257,0.7548,0.7192,0.8959
5000800,0.6046,0.309,0.6911,0.3121,0.5203
5000900,0.7418,0.4339,0.5847,0.4979,0.6649
5001100,0.6446,0.6334,0.6482,0.857,0.7886
5001700,0.7493,0.6338,0.647,0.6165,0.7575
5001800,0.1355,0.239,0.4235,0.546,0.2589
5002001,0.5512,0.436,0.5816,0.919,0.7303
5002002,0.3682,0.7255,0.5097,0.6457,0.5763
5002100,0.736,0.5374,0.7915,0.9590000000000001,0.8741
5002700,0.9291,0.9758,0.7825,0.8862,0.9641
5002900,0.8092,0.9195,0.8763,0.6026,0.882
5003300,0.3375,0.2984,0.5829,0.8054,0.5409
5003600,0.581,0.2078,0.6078,0.1175,0.3475
5003900,0.2472,0.3327,0.5332,0.8479,0.5071
5004000,0.8877,0.8344,0.8338,0.6844,0.8979
5004700,0.2702,0.0566,0.4165,0.8473,0.3427
5005000,0.5421,0.5834,0.6301,0.43,0.5842
5005900,0.2725,0.145,0.4662,0.3168,0.22699999999999998
5006400,0.7781,0.8424,0.6091,0.9557,0.9062
5006700,0.1276,0.2497,0.2491,0.4863,0.1892
5007000,0.5062,0.3209,0.601,0.7874,0.622
5007400,0.6181,0.4176,0.6992,0.7474,0.7033
5007500,0.7489,0.5514,0.6458,0.7727,0.7826
5007700,0.8425,0.5122,0.78,0.8935,0.8784
5008100,0.7673,0.9232,0.7186,0.9892,0.9485
5009601,0.3558,0.1462,0.5249,0.7087,0.4305
5009602,0.4737,0.1316,0.506,0.8583,0.551
5009700,0.4194,0.6586,0.6175,0.1272,0.4
5010500,0.6434,0.767,0.6796,0.6071,0.7465
5011201,0.5354,0.3854,0.5670000000000001,0.0897,0.3419
5011202,0.4857,0.1361,0.648,0.4041,0.4232
5011401,0.7787,0.8629,0.6043,0.6295,0.8247
5011402,0.3767,0.2026,0.4555,0.3013,0.2946
5012100,0.3096,0.5159,0.3231,0.26899999999999996,0.2811
5012200,0.3023,0.1702,0.3332,0.1707,0.1529
5012500,0.7051,0.4321,0.6854,0.311,0.6012
5012804,0.3518,0.6208,0.5262,0.1554,0.3417
5012805,0.4142,0.3418,0.4146,0.1401,0.2577
5012806,0.563,0.4257,0.514,0.3794,0.5039
5013201,0.2545,0.6204,0.4047,0.0816,0.2041
5013203,0.4952,0.619,0.4627,0.0499,0.3089
5013204,0.24600000000000002,0.1489,0.3658,0.2806,0.1753
5013301,0.9724,0.9983,0.8138,0.6104,0.9631
5013302,0.7847,0.626,0.8474,0.8245,0.8583
5013400,0.3759,0.5872,0.4536,0.1658,0.3274
5013800,0.3247,0.7117,0.4975,0.2066,0.3724
5014100,0.5441,0.3073,0.7169,0.62,0.6085
5014604,0.3523,0.29,0.4445,0.1722,0.2405
5014605,0.1175,0.2974,0.3637,0.2188,0.1305
5014606,0.1521,0.1433,0.2709,0.122,0.0585
5014607,0.3326,0.4391,0.3414,0.2466,0.2732
5014608,0.4581,0.4622,0.4045,0.0684,0.2521
5014700,0.0228,0.1549,0.1052,0.3421,0.051
5015100,0.2511,0.1545,0.4763,0.2344,0.1938
5015400,-999.0,-999.0,-999.0,-999.0,-999.0
5015601,0.2242,0.4248,0.2693,0.4675,0.2766
5015602,0.156,0.2396,0.1031,0.0419,0.0253
5015603,0.3806,0.4804,0.3649,0.1003,0.2307
5016901,0.5176,0.2408,0.5864,0.1886,0.3624
5017005,0.185,0.2113,0.4532,0.2963,0.1998
5017007,0.3199,0.32799999999999996,0.4707,0.1672,0.2396
5017008,0.2584,0.3044,0.3241,0.0201,0.0654
5017009,0.2147,0.4438,0.3563,0.1059,0.1481
5017010,0.2708,0.4934,0.41200000000000003,0.0446,0.1531
5017011,0.315,0.6708,0.3449,0.2283,0.3147
5017012,0.3042,0.552,0.3759,0.0537,0.1809
5017300,0.7929999999999999,0.9387,0.6759,0.6587,0.8641
5017600,0.1757,0.2303,0.2351,0.3222,0.1432
5017700,0.0785,0.4195,0.4478,0.1179,0.1166
5018100,0.3566,0.3786,0.4035,0.4318,0.3656
5018701,0.5207,0.2295,0.5027,0.517,0.4728
5018702,0.3067,0.28,0.6148,0.9163,0.589
5018901,0.4863,0.3645,0.4588,0.3179,0.4039
5018902,0.4567,0.5946,0.6076,0.5099,0.5712
5019700,0.1123,0.3038,0.3247,0.0315,0.0438
5019800,0.1635,0.2668,0.2994,0.3218,0.1703
5020100,0.3361,0.2309,0.6592,0.1295,0.2562
5020700,0.7586,0.22,0.8878,0.6109,0.7214
5020801,0.45899999999999996,0.4665,0.2753,0.1117,0.2456
5020803,0.223,0.4886,0.2353,0.1088,0.1272
5020804,0.0783,0.2751,0.2705,0.2006,0.0853
5021300,0.5673,0.5397,0.6936,0.6502,0.6739
5022300,0.6384,0.5382,0.6971,0.7942,0.75
5022600,0.1786,0.3026,0.3992,0.3717,0.2303
5022800,-999.0,0.0,0.4786,0.0812,-999.0
5023100,0.6175,0.3342,0.7608,0.5955,0.6539
5023900,0.8104,0.235,0.7885,0.6797,0.7490000000000001
5024401,0.2497,0.152,0.1835,0.1467,0.0836
5024402,0.3585,0.0896,0.3122,0.2265,0.1558
5024700,0.6281,0.3984,0.6784,0.4329,0.5948
5024800,0.2756,0.3373,0.2932,0.2673,0.2133
5025100,0.1353,0.1237,0.4697,0.039,0.0463
5027301,0.4072,0.486,0.5666,0.3396,0.4396
5027302,0.3299,0.6103,0.4282,0.22399999999999998,0.3303
5027702,0.2876,0.4775,0.5891,0.8792,0.5969
5027704,0.4115,0.2084,0.5052,0.081,0.2089
5027705,0.4623,0.3788,0.6041,0.1392,0.3519
5027706,0.4629,0.6289,0.6196,0.1268,0.4137
5027900,0.3601,0.2695,0.414,0.3918,0.3286
5029102,0.4225,0.8699,0.5975,0.2872,0.5571
5029103,0.4474,0.1669,0.5278,0.3243,0.3481
5029104,0.4165,0.4736,0.5134,0.1552,0.332
5030301,0.523,0.0843,0.6332,0.2729,0.3467
5030302,0.5792,0.3499,0.6802,0.1589,0.4344
5031901,0.9577,0.9544,0.7687,0.6088,0.9288
5031902,0.7240000000000001,0.8088,0.748,0.9194,0.8884
5032300,0.4878,0.0998,0.7052,0.5153,0.4577
