GEO_ID,TotalUnder18,WithComputerAndBroadband,PercAcess
2021200,973,826,84.89208633093526
2039000,533,484,90.80675422138836
2012701,374,270,72.19251336898395
2033400,4,4,100.0
2006400,927,532,57.38942826321467
2044800,299,282,94.31438127090301
2039700,154,154,100.0
2018302,991,838,84.56104944500504
2034400,404,393,97.27722772277228
2003900,1843,1312,71.18827997829625
2033202,790,652,82.53164556962025
2015300,1496,1184,79.14438502673798
2032600,593,582,98.1450252951096
2042200,807,704,87.2366790582404
2024400,523,503,96.17590822179733
2043100,2746,1992,72.54187909686817
2007700,567,468,82.53968253968253
2006800,945,724,76.6137566137566
2021800,1835,1457,79.40054495912806
2008900,951,650,68.34910620399579
2028600,239,239,100.0
2001900,596,541,90.77181208053692
2036502,606,529,87.29372937293729
2002500,1650,1299,78.72727272727272
2024600,368,363,98.6413043478261
2024000,1207,933,77.29908864954432
2022500,2012,1789,88.91650099403579
2048400,797,779,97.74153074027603
2025400,353,296,83.85269121813032
2007200,1442,1202,83.35644937586684
2009800,1029,907,88.14382896015549
2017701,1396,1120,80.22922636103151
2036400,606,538,88.77887788778878
2018101,889,743,83.57705286839146
2012901,1232,1069,86.76948051948052
2004400,1319,1143,86.65655799848369
2039600,1430,1016,71.04895104895105
2017901,1526,1070,70.11795543905636
2017500,1908,1163,60.9538784067086
2040304,1452,944,65.0137741046832
2008600,1035,712,68.79227053140097
2019400,610,571,93.60655737704919
2036700,616,399,64.77272727272727
2038800,638,503,78.84012539184953
2018102,1828,1743,95.35010940919038
2024700,476,304,63.86554621848739
2038000,1497,1227,81.96392785571143
2022703,513,495,96.49122807017544
2044901,213,213,100.0
2030100,120,120,100.0
2024800,383,374,97.65013054830287
2016900,253,208,82.21343873517787
2017300,1209,1057,87.42762613730356
2040302,1258,1074,85.37360890302067
2005300,1790,1197,66.87150837988827
2009300,1432,971,67.8072625698324
2039902,1505,1279,84.98338870431894
2023704,1369,1036,75.67567567567568
2012500,1206,916,75.9535655058043
2014100,1710,1367,79.94152046783626
2039200,341,244,71.5542521994135
2041800,885,669,75.59322033898304
2007300,1412,1168,82.71954674220963
2044200,822,697,84.79318734793188
2017902,948,639,67.40506329113924
2003700,14,14,100.0
2022300,1141,1011,88.60648553900089
2009200,1502,1296,86.28495339547271
2031600,420,390,92.85714285714286
2040600,948,777,81.9620253164557
2015200,596,559,93.79194630872483
2036901,791,584,73.83059418457648
2019700,2054,1812,88.21811100292113
2025200,516,478,92.63565891472868
2033700,513,505,98.44054580896686
2030900,549,549,100.0
2015500,764,668,87.43455497382199
2039901,1469,1164,79.23757658270932
2042000,796,511,64.19597989949749
2034000,1577,1196,75.84020291693088
2021700,1275,901,70.66666666666667
2028500,524,482,91.98473282442748
2006500,1537,1091,70.98243331164606
2022701,1104,1044,94.56521739130434
2042800,435,422,97.01149425287356
2036501,919,820,89.22742110990207
2029700,796,796,100.0
2032400,826,609,73.72881355932203
2035900,581,557,95.86919104991394
2024501,1626,1206,74.16974169741697
2042500,1720,1286,74.76744186046511
2005001,1258,973,77.34499205087441
2016300,0,0,0.0
2041300,2288,1898,82.95454545454545
2020000,1366,1142,83.601756954612
2021301,414,340,82.1256038647343
2020200,563,494,87.74422735346359
2023702,264,225,85.22727272727273
2016500,290,219,75.51724137931033
2037400,911,572,62.788144895718986
2043400,1031,668,64.79146459747818
2036100,1141,712,62.40140227870289
2022702,408,375,91.91176470588235
2035600,333,326,97.8978978978979
2021302,1777,1548,87.11311198649409
2026701,1154,1061,91.94107452339688
2045101,194,194,100.0
2016700,1252,837,66.85303514376997
2050400,106,47,44.339622641509436
2013800,532,438,82.33082706766918
2002300,1101,810,73.56948228882834
2026400,1257,1189,94.59029435163086
2005600,640,543,84.84375
2022404,682,597,87.5366568914956
2039100,2236,1749,78.22003577817532
2040100,1159,862,74.37446074201898
2034200,474,413,87.13080168776372
2025000,619,533,86.10662358642972
2026500,2140,1615,75.46728971962617
2023302,1055,903,85.59241706161137
2013000,257,237,92.21789883268482
2021601,1116,1003,89.87455197132617
2023301,830,686,82.65060240963855
2023900,2415,1646,68.15734989648034
2037100,979,881,89.98978549540347
2002701,1020,785,76.9607843137255
2022401,529,411,77.6937618147448
2013200,1582,1427,90.20227560050569
2037300,2016,1110,55.05952380952381
2002800,927,771,83.1715210355987
2008400,691,639,92.47467438494935
2038200,946,729,77.06131078224101
2016100,1273,943,74.07698350353496
2037800,825,751,91.03030303030303
2042600,1049,878,83.69876072449952
2005100,1852,1509,81.47948164146868
2008300,1755,1478,84.21652421652422
2037900,1758,1220,69.39704209328784
2037000,509,375,73.6738703339882
2012300,991,908,91.62462159434914
2027700,1427,1396,97.82761037140855
2044902,351,302,86.03988603988604
2038700,867,721,83.1603229527105
2018301,636,603,94.81132075471697
2016200,377,369,97.87798408488064
2020502,530,467,88.11320754716981
2014900,1282,1129,88.06552262090483
2019900,2261,1658,73.33038478549314
2017100,0,0,0.0
2006700,2124,1504,70.80979284369114
2042300,1208,920,76.15894039735099
2007600,1371,1163,84.82859226841721
2024502,1008,761,75.49603174603175
2038302,2092,1709,81.69216061185467
2051600,646,604,93.49845201238391
2029500,830,830,100.0
2032300,600,574,95.66666666666667
2002000,2558,2085,81.50899139953088
2007100,659,611,92.71623672230652
2029302,1050,1033,98.38095238095238
2021100,1678,1540,91.77592371871275
2037600,510,449,88.0392156862745
2014300,348,334,95.97701149425288
2031200,376,376,100.0
2040303,1226,927,75.61174551386624
2038600,2000,1453,72.65
2006000,314,314,100.0
2042901,1196,1090,91.1371237458194
2008500,1308,1010,77.21712538226299
2041100,872,593,68.0045871559633
2044400,818,609,74.44987775061125
2016000,740,731,98.78378378378379
2029600,232,225,96.98275862068965
2021501,1479,1243,84.04327248140635
2000100,0,0,0.0
2028300,643,567,88.18040435458786
2028900,1040,893,85.86538461538461
2039800,780,597,76.53846153846153
2022800,1434,1404,97.90794979079497
2028700,530,506,95.47169811320755
2038100,2086,1643,78.76318312559924
2025100,2024,1492,73.71541501976284
2023000,910,767,84.28571428571429
2021900,221,180,81.44796380090497
2028400,19,19,100.0
2020100,1315,976,74.22053231939162
2023600,557,376,67.50448833034112
2005200,622,466,74.91961414790997
2013500,1001,778,77.72227772227772
2045600,574,513,89.37282229965156
2025300,1859,1620,87.14362560516406
2020400,559,498,89.08765652951699
2026702,1980,1630,82.32323232323232
2033000,1295,1050,81.08108108108108
2040800,1276,1040,81.50470219435736
2019500,1843,1478,80.1953336950624
2027300,1915,1733,90.49608355091384
2042100,1571,1199,76.32081476766392
2046201,4289,4109,95.80321753322453
2045102,264,244,92.42424242424242
2020501,1809,1376,76.06412382531785
2027900,1489,1445,97.04499664204164
2011700,469,399,85.07462686567165
2035800,1334,1287,96.47676161919041
2007900,2268,1957,86.28747795414462
2037200,449,432,96.21380846325167
2004200,2141,1928,90.0513778608127
2007000,1080,965,89.35185185185185
2036902,615,478,77.72357723577235
2037504,927,817,88.13376483279396
2027600,0,0,0.0
2005902,571,513,89.84238178633976
2028100,616,603,97.8896103896104
2033500,288,251,87.15277777777779
2030200,1460,1435,98.28767123287672
2016400,161,161,100.0
2016600,500,480,96.0
2035100,494,459,92.91497975708502
2021002,1692,1692,100.0
2032800,1220,1106,90.65573770491804
2005400,1578,1337,84.72750316856781
2031800,196,172,87.75510204081633
2040400,670,471,70.29850746268657
2038900,1490,1083,72.68456375838926
2028800,579,457,78.92918825561313
2040900,553,541,97.83001808318264
2041900,1965,1741,88.60050890585242
2036800,367,280,76.29427792915531
2012102,355,316,89.01408450704226
2003500,1239,998,80.54882970137207
2004600,511,393,76.90802348336595
2013100,1448,1204,83.14917127071824
2043500,157,152,96.81528662420382
2009000,952,681,71.53361344537815
2015900,435,411,94.48275862068965
2018900,2385,1726,72.36897274633124
2040701,802,644,80.29925187032418
2023100,375,313,83.46666666666667
2003800,340,298,87.6470588235294
2030000,1185,1122,94.68354430379748
2011800,756,756,100.0
2033800,881,423,48.01362088535755
2023502,704,655,93.03977272727273
2039500,1178,732,62.13921901528013
2018500,2417,2279,94.29044269755896
2046202,2656,2158,81.25
2029301,225,211,93.77777777777779
2038500,1534,1061,69.16558018252934
2046000,898,665,74.05345211581292
2001600,1501,1191,79.3471019320453
2007500,1871,1559,83.32442544094067
2004800,1148,873,76.04529616724739
2041500,1445,971,67.19723183391004
2039400,1295,887,68.4942084942085
2036000,602,539,89.53488372093024
2023800,630,496,78.73015873015873
2004300,1749,1396,79.81703830760435
2019300,1915,914,47.72845953002611
2040502,1857,1722,92.73021001615508
2034300,412,382,92.71844660194175
2021001,1606,1482,92.27895392278954
2043000,718,659,91.78272980501393
2026602,1040,1027,98.75
2014500,2732,2230,81.62518301610542
2045800,1810,1603,88.56353591160222
2038301,1219,913,74.89745693191139
2005002,1593,1072,67.29441305712493
2042400,426,357,83.80281690140845
2011000,0,0,0.0
2011900,1567,1410,89.98085513720486
2031400,398,398,100.0
2000200,960,885,92.1875
2039300,2729,1650,60.461707585196045
2022902,1145,918,80.17467248908297
2035000,409,303,74.08312958435208
2008700,1520,1068,70.26315789473684
2022200,654,573,87.61467889908256
2012101,719,517,71.90542420027816
2002400,41,41,100.0
2024900,0,0,0.0
2002702,1372,838,61.07871720116618
2013300,1287,1045,81.19658119658119
2031000,715,715,100.0
2036300,2156,1654,76.71614100185529
2034500,627,471,75.11961722488039
2018400,808,742,91.83168316831683
2009600,597,527,88.2747068676717
2025500,1715,1517,88.45481049562682
2026900,784,704,89.79591836734694
2007800,1872,1561,83.38675213675214
2026601,758,725,95.64643799472296
2026100,307,304,99.0228013029316
2030701,1242,1196,96.29629629629629
2014400,1398,1003,71.7453505007153
2023200,728,622,85.43956043956044
2027401,945,923,97.67195767195767
2000400,1127,1095,97.1606033717835
2033600,1734,1467,84.60207612456747
2006200,2240,2074,92.58928571428572
2004001,316,296,93.67088607594937
2041400,975,880,90.25641025641026
2034800,1611,1315,81.62631905648665
2021502,1693,1298,76.66863555818074
2022403,706,602,85.26912181303116
2022901,1969,1300,66.02336211274759
2025700,313,300,95.84664536741214
2033201,1358,983,72.38586156111928
2014702,1677,1552,92.54621347644604
2023703,1451,1161,80.01378359751895
2040702,1659,1066,64.2555756479807
2011502,1373,1039,75.67370721048799
2015100,1456,1090,74.86263736263736
2042902,974,879,90.24640657084188
2024100,1819,1646,90.48927982407916
2015800,222,193,86.93693693693693
2023501,821,574,69.91473812423872
2006900,2427,1946,80.18129377832716
2004100,1620,1395,86.11111111111111
2007400,676,483,71.44970414201184
2015700,945,594,62.857142857142854
2024300,1734,1248,71.97231833910035
2020601,465,257,55.26881720430108
2043600,448,426,95.08928571428571
2017702,1483,1460,98.44908968307486
2031900,0,0,0.0
2020900,1024,961,93.84765625
2006100,301,238,79.06976744186046
2006300,1096,826,75.36496350364963
2027402,439,413,94.07744874715262
2022000,459,375,81.69934640522875
2014701,2280,1181,51.79824561403509
2025600,385,314,81.55844155844156
2022102,1764,1159,65.702947845805
2026300,1430,1396,97.62237762237763
2021602,1111,1021,91.8991899189919
2003300,1194,844,70.68676716917923
2022101,1381,1035,74.94569152787834
2003100,411,274,66.66666666666666
2040501,1277,1118,87.548942834769
1002400,723,275,38.035961272475795
1010300,107,107,100.0
1005501,672,672,100.0
1027500,671,633,94.33681073025335
1021400,463,356,76.88984881209502
1008800,736,736,100.0
1025300,2109,1675,79.42152678994783
1018900,2178,1507,69.1919191919192
1011401,149,149,100.0
1004300,257,243,94.55252918287937
1014300,0,0,0.0
1008100,526,526,100.0
1005700,401,401,100.0
1002201,766,595,77.67624020887729
1014700,525,525,100.0
1011800,1072,1072,100.0
1017900,1290,1046,81.08527131782945
1019702,164,89,54.268292682926834
1019701,37,28,75.67567567567568
1026900,1601,1247,77.88881948782011
1031900,0,0,0.0
1016900,1409,1409,100.0
1005400,517,517,100.0
1011500,302,302,100.0
1016001,645,645,100.0
1002100,1625,1599,98.4
1023600,2172,1848,85.0828729281768
1015801,821,809,98.53836784409256
1015002,825,825,100.0
1016700,1191,1191,100.0
1007400,270,270,100.0
1031100,0,0,0.0
1022600,877,735,83.80843785632838
1023200,2254,1988,88.19875776397515
1014900,337,337,100.0
1012800,990,990,100.0
1013300,267,250,93.63295880149812
1001200,686,472,68.80466472303208
1023000,1375,1354,98.47272727272727
1001600,648,361,55.70987654320988
1020600,758,734,96.83377308707124
1029900,960,938,97.70833333333333
1020000,607,521,85.83196046128501
1022102,384,283,73.69791666666666
1026500,1113,981,88.14016172506739
1023501,1492,864,57.9088471849866
1004700,221,221,100.0
1018500,612,612,100.0
1014200,622,591,95.01607717041801
1015100,1529,1489,97.3839110529758
1028100,572,546,95.45454545454545
1006300,695,661,95.10791366906474
1015602,374,305,81.55080213903744
1011202,16,16,100.0
1012200,294,294,100.0
1001800,655,459,70.07633587786259
1014802,1055,940,89.0995260663507
1017000,1098,1098,100.0
1024301,905,879,97.12707182320443
1008300,365,365,100.0
1016200,2017,1604,79.5240456122955
1023502,480,414,86.25
1005600,426,346,81.2206572769953
1001300,543,531,97.79005524861878
1001002,963,173,17.964693665628246
1024900,124,104,83.87096774193549
1015601,631,595,94.29477020602218
1017200,1085,789,72.7188940092166
1025900,844,784,92.89099526066352
1022500,1888,1657,87.76483050847457
1030300,875,848,96.91428571428573
1002900,758,558,73.61477572559367
1026300,1828,1760,96.2800875273523
1020901,653,485,74.27258805513017
1019400,1604,830,51.74563591022444
1010800,944,893,94.59745762711864
1016400,1313,1219,92.84082254379284
1006800,317,317,100.0
1018600,1532,1256,81.98433420365535
1020102,945,917,97.03703703703704
1012000,357,357,100.0
1026700,362,303,83.70165745856355
1000201,635,179,28.188976377952756
1027300,1334,1334,100.0
1008601,287,266,92.6829268292683
1004100,632,402,63.60759493670886
1005000,552,552,100.0
1009200,68,68,100.0
1013400,2040,2002,98.13725490196077
1009300,828,769,92.8743961352657
1010601,380,380,100.0
1010100,49,43,87.75510204081633
1002601,524,297,56.6793893129771
1012500,110,103,93.63636363636364
1019900,817,817,100.0
1007900,694,694,100.0
1017401,1274,994,78.02197802197803
1015802,400,400,100.0
1017300,1413,1230,87.04883227176221
1008000,426,426,100.0
1008400,122,122,100.0
1002500,918,738,80.3921568627451
1002000,1081,492,45.51341350601295
1020300,104,84,80.76923076923077
1020800,1256,1185,94.34713375796179
1013800,1234,1234,100.0
1028700,650,623,95.84615384615385
1003700,381,374,98.16272965879264
1005800,341,341,100.0
1025100,485,337,69.48453608247422
1013900,584,584,100.0
1000700,956,956,100.0
1002800,1109,502,45.26600541027953
1030900,2619,2447,93.43260786559756
1014500,672,672,100.0
1008602,0,0,0.0
1015900,1201,1201,100.0
1007300,458,458,100.0
1022800,651,503,77.2657450076805
1023801,1078,1044,96.84601113172542
1028300,1175,1114,94.80851063829788
1004000,584,584,100.0
1011700,546,546,100.0
1022302,539,484,89.79591836734694
1003300,1177,1153,97.96091758708582
1027700,1142,1004,87.91593695271453
1007200,465,465,100.0
1004200,207,177,85.5072463768116
1021600,1667,1452,87.10257948410319
1006400,481,481,100.0
1006500,209,92,44.01913875598086
1021800,1340,1034,77.16417910447761
1009000,433,402,92.8406466512702
1019200,1062,948,89.26553672316385
1005900,422,422,100.0
1019800,530,530,100.0
1002602,264,246,93.18181818181817
1012700,223,200,89.68609865470853
1002700,214,199,92.99065420560748
1001402,132,95,71.96969696969697
1024302,2180,1672,76.69724770642202
1019300,1212,1106,91.25412541254126
1012400,2055,2055,100.0
1010602,753,571,75.83001328021248
1000500,0,0,0.0
1027100,1550,1227,79.16129032258064
1022700,725,577,79.58620689655173
1011000,750,750,100.0
1018000,1902,1568,82.43953732912723
1018700,1503,1405,93.47970725216234
1017500,2095,2095,100.0
1005502,231,231,100.0
1006700,218,218,100.0
1025700,1001,935,93.4065934065934
1015300,1680,1680,100.0
1003400,394,185,46.954314720812185
1021100,1414,1292,91.37199434229137
1023700,1386,1386,100.0
1020701,170,142,83.52941176470588
1003200,415,273,65.78313253012048
1019600,590,174,29.491525423728817
1009900,449,449,100.0
1013000,367,367,100.0
1010200,17,17,100.0
1018200,1940,1733,89.3298969072165
1014401,696,676,97.12643678160919
1000800,1151,805,69.93918331885317
1000900,232,216,93.10344827586206
1021200,674,674,100.0
1028500,1429,1292,90.41287613715885
1016300,1018,1018,100.0
1006600,1225,733,59.836734693877546
1004800,341,341,100.0
1020500,375,331,88.26666666666667
1021900,1708,1436,84.07494145199064
1031704,2064,2046,99.12790697674419
1011300,0,0,0.0
1027900,2287,1915,83.73414954088325
1003601,405,405,100.0
1018100,1438,1438,100.0
1016800,1285,1121,87.23735408560312
1008200,334,334,100.0
1022000,970,845,87.11340206185567
1023400,740,552,74.5945945945946
1003800,175,175,100.0
1015500,1336,1336,100.0
1020101,92,82,89.13043478260869
1010400,41,19,46.34146341463415
1012900,451,441,97.78270509977827
1013700,833,769,92.31692677070828
1015200,1346,1241,92.19910846953938
1011600,542,542,100.0
1029500,1199,1175,97.99833194328608
1018800,1343,1016,75.65152643335816
1007800,883,883,100.0
1004500,207,207,100.0
1006200,233,224,96.13733905579399
1011900,41,41,100.0
1009400,0,0,0.0
1003001,233,120,51.50214592274678
1016002,507,507,100.0
1009100,523,523,100.0
1013200,2063,2063,100.0
1000202,1368,918,67.10526315789474
1008700,658,658,100.0
1003002,265,138,52.075471698113205
1015001,407,394,96.80589680589681
1008900,780,753,96.53846153846153
1024200,1350,1088,80.5925925925926
1024100,665,521,78.34586466165413
1012100,657,411,62.55707762557078
1007600,124,124,100.0
1006100,402,402,100.0
1014000,1237,1161,93.85610347615197
1003602,26,26,100.0
1021000,2230,1722,77.21973094170403
1011402,240,232,96.66666666666667
1022400,1979,1532,77.41283476503284
1006000,1021,972,95.20078354554359
1019000,758,750,98.94459102902374
1002202,84,55,65.47619047619048
1013600,2083,2083,100.0
1024500,2567,1874,73.00350603817685
1024000,0,0,0.0
1007000,670,670,100.0
1001401,546,421,77.10622710622711
1023100,1180,1080,91.52542372881356
1017800,590,439,74.40677966101696
1006900,307,307,100.0
1008603,504,504,100.0
1011201,68,68,100.0
1029100,2880,2646,91.875
1009800,632,632,100.0
1022301,1164,916,78.69415807560138
1021500,1089,684,62.8099173553719
1011100,270,270,100.0
1014601,273,273,100.0
1017100,1564,1564,100.0
1016100,862,862,100.0
1016600,897,799,89.07469342251952
1009500,282,282,100.0
1022200,723,601,83.12586445366529
1018300,953,953,100.0
1001502,822,784,95.37712895377129
1019500,850,753,88.58823529411765
1023300,1252,1205,96.24600638977637
1026100,2794,2235,79.99284180386542
1021303,825,531,64.36363636363637
1001501,650,633,97.38461538461539
1007100,508,477,93.89763779527559
1003100,173,173,100.0
1009600,0,0,0.0
1019100,1180,1180,100.0
1030700,551,404,73.32123411978222
1012600,2109,2109,100.0
1001001,205,142,69.26829268292683
1031703,1739,1739,100.0
1011203,109,104,95.41284403669725
1016500,934,934,100.0
1023900,461,410,88.93709327548807
1017402,377,275,72.94429708222812
1023802,367,360,98.09264305177112
1029700,0,0,0.0
1014402,991,991,100.0
1015400,1513,1211,80.03965631196299
1013500,713,713,100.0
1010900,21,21,100.0
1013100,107,107,100.0
1007700,386,376,97.40932642487047
1007500,388,388,100.0
1010000,119,119,100.0
1003900,1411,1399,99.14953933380582
1005200,496,481,96.9758064516129
1022900,1424,1273,89.39606741573034
1004400,1728,1728,100.0
1004900,440,440,100.0
1009700,367,246,67.0299727520436
1014602,1121,1121,100.0
1021703,0,0,0.0
1015700,1553,1553,100.0
1024700,901,811,90.01109877913429
1025500,563,475,84.36944937833037
1000600,1354,574,42.39290989660266
1017700,1612,1502,93.17617866004963
1018400,1387,1202,86.66186012977649
1014801,610,610,100.0
1029300,1849,1531,82.80151433207139
1000100,0,0,0.0
4042600,0,0,0.0
4033401,866,673,77.7136258660508
4050500,307,273,88.92508143322475
4001200,891,882,98.98989898989899
4104700,1361,1320,96.98750918442322
4065501,0,0,0.0
4026100,1153,811,70.33824804856896
4094202,1267,1083,85.47750591949487
4062300,479,459,95.82463465553236
4065703,598,598,100.0
4040300,2125,1800,84.70588235294117
4006201,1142,1142,100.0
4073100,341,341,100.0
4041500,1022,957,93.63992172211351
4058900,1278,1077,84.27230046948357
4069300,578,578,100.0
4016600,740,626,84.5945945945946
4058000,630,591,93.80952380952381
4061000,267,245,91.76029962546816
4064101,377,377,100.0
4108500,445,412,92.58426966292134
4027500,1159,957,82.5711820534944
4081400,895,895,100.0
4048100,1247,1163,93.26383319967923
4122300,523,405,77.43785850860421
4055600,410,410,100.0
4056100,5,5,100.0
4014300,461,410,88.93709327548807
4029400,1717,1617,94.175888177053
4077906,673,577,85.73551263001485
4051600,384,375,97.65625
4140901,216,216,100.0
4021600,668,627,93.8622754491018
4092800,745,745,100.0
4027000,590,560,94.91525423728814
4077907,1201,1182,98.4179850124896
4077908,719,719,100.0
4099200,1408,1314,93.32386363636364
4119300,367,322,87.73841961852861
4048300,736,658,89.40217391304348
4015802,1032,1014,98.25581395348837
4001900,388,388,100.0
4003900,325,319,98.15384615384616
4088901,1895,1662,87.70448548812665
4114100,460,452,98.26086956521739
4107202,0,0,0.0
4060600,228,212,92.98245614035088
4025100,1224,1163,95.01633986928104
4057700,902,828,91.7960088691796
4066300,495,485,97.97979797979798
4063301,346,340,98.26589595375722
4062000,262,234,89.31297709923665
4071305,726,685,94.35261707988981
4109300,548,525,95.8029197080292
4035100,697,589,84.50502152080345
4074100,445,445,100.0
4043400,383,383,100.0
4027100,1715,1715,100.0
4018502,711,711,100.0
4047500,763,741,97.11664482306685
4004001,539,527,97.77365491651206
4018102,323,291,90.09287925696594
4112300,398,392,98.49246231155779
4093800,742,711,95.82210242587601
4005100,323,303,93.80804953560371
4129103,704,704,100.0
4008600,579,579,100.0
4084602,185,185,100.0
4079702,946,686,72.51585623678648
4024000,1433,1305,91.06769016050245
4077905,357,346,96.9187675070028
4133900,308,300,97.40259740259741
4007900,593,526,88.70151770657672
4085900,899,755,83.98220244716352
4036300,489,466,95.29652351738241
4036700,478,478,100.0
4011500,272,272,100.0
4035300,493,483,97.97160243407707
4118700,426,396,92.95774647887323
4003600,888,888,100.0
4004700,835,811,97.12574850299401
4018501,521,487,93.47408829174664
4028300,1188,1188,100.0
4012601,651,644,98.9247311827957
4051300,615,570,92.6829268292683
4005200,573,508,88.65619546247818
4024900,521,521,100.0
4021200,434,388,89.40092165898618
4099802,1277,1052,82.38057948316366
4085700,707,631,89.25035360678925
4023600,709,547,77.1509167842031
4046900,2074,1699,81.91899710703953
4062900,714,673,94.25770308123249
4107201,621,568,91.46537842190016
4094201,588,577,98.12925170068027
4059400,269,223,82.8996282527881
4060100,669,647,96.71150971599403
4089200,1248,1234,98.87820512820514
4116700,235,181,77.02127659574468
4020200,478,429,89.7489539748954
4126700,439,424,96.58314350797266
4073900,1154,1136,98.44020797227037
4059300,822,739,89.90267639902676
4004300,748,605,80.88235294117648
4000200,593,553,93.25463743676222
4062500,557,552,99.10233393177738
4147100,526,526,100.0
4054500,1089,741,68.04407713498622
4063900,576,492,85.41666666666666
4118900,287,202,70.38327526132404
4990100,0,0,0.0
4044302,1006,923,91.74950298210736
4037500,1081,980,90.65679925994449
4077500,299,299,100.0
4036100,524,444,84.7328244274809
4068700,691,691,100.0
4065400,867,855,98.6159169550173
4065600,1086,1048,96.50092081031308
4098700,556,556,100.0
4048500,479,479,100.0
4013200,500,401,80.2
4087100,476,372,78.15126050420169
4086500,278,204,73.38129496402878
4052000,188,180,95.74468085106383
4079300,0,0,0.0
4013500,238,233,97.89915966386555
4042700,1615,1521,94.17956656346749
4011700,412,403,97.81553398058253
4053800,440,431,97.95454545454545
4098100,549,535,97.44990892531877
4050400,349,318,91.11747851002865
4092200,490,458,93.46938775510203
4085300,658,528,80.24316109422493
4012301,362,336,92.81767955801105
4053900,950,730,76.84210526315789
4037700,1111,911,81.998199819982
4043900,1051,598,56.89819219790676
4015000,374,361,96.52406417112299
4035700,614,537,87.45928338762215
4156700,187,161,86.09625668449198
4046300,748,529,70.72192513368985
4007700,275,236,85.81818181818181
4059600,237,237,100.0
4105900,1012,991,97.92490118577075
4015900,596,586,98.3221476510067
4120500,409,378,92.42053789731052
4029700,428,420,98.13084112149532
4028800,1195,1075,89.9581589958159
4012200,759,682,89.85507246376811
4092500,929,645,69.42949407965554
4071306,1260,1229,97.53968253968253
4038400,444,416,93.69369369369369
4157101,1812,1645,90.78366445916114
4003800,793,700,88.27238335435057
4078800,361,354,98.06094182825484
4044601,666,629,94.44444444444444
4080900,1377,1361,98.83805374001452
4086400,568,539,94.8943661971831
4026902,668,597,89.37125748502994
4118500,382,322,84.29319371727748
4059200,234,219,93.58974358974359
4010500,922,855,92.73318872017353
4063302,306,297,97.05882352941177
4111300,568,544,95.77464788732394
4027600,328,277,84.45121951219512
4120700,529,520,98.29867674858222
4003400,735,735,100.0
4055800,263,210,79.84790874524715
4019400,625,573,91.67999999999999
4043702,1729,1562,90.34123770965876
4142900,593,464,78.24620573355818
4086300,758,581,76.64907651715039
4045200,194,187,96.3917525773196
4013700,180,168,93.33333333333333
4059000,342,342,100.0
4099705,456,456,100.0
4122701,2706,2459,90.87213599408722
4020600,444,334,75.22522522522522
4047900,1234,1189,96.35332252836305
4008800,976,976,100.0
4003000,418,383,91.6267942583732
4079000,711,642,90.29535864978902
4026500,725,675,93.10344827586206
4092900,1671,1309,78.33632555356074
4093401,817,784,95.9608323133415
4097203,2327,1984,85.2599914052428
4002200,467,408,87.36616702355461
4055500,558,512,91.75627240143369
4004002,422,385,91.23222748815166
4001800,668,629,94.16167664670658
4145101,234,234,100.0
4050000,1025,859,83.80487804878048
4052400,305,288,94.42622950819673
4015400,285,275,96.49122807017544
4015300,241,241,100.0
4086900,307,279,90.87947882736157
4016300,427,339,79.39110070257611
4015100,270,262,97.03703703703704
4022900,0,0,0.0
4080302,618,578,93.52750809061489
4027800,519,403,77.64932562620423
4054900,1517,1240,81.74027686222807
4109900,447,435,97.31543624161074
4002600,701,608,86.73323823109843
4025400,2401,1652,68.80466472303208
4061900,531,531,100.0
4016800,663,545,82.20211161387631
4099801,2062,2062,100.0
4127700,707,707,100.0
4083700,1117,1026,91.8531781557744
4053500,302,184,60.9271523178808
4058300,692,624,90.17341040462428
4076902,192,175,91.14583333333334
4028400,1009,654,64.81665014866203
4010000,745,697,93.55704697986577
4063200,506,490,96.83794466403161
4101001,3494,2672,76.47395535203205
4050600,278,253,91.00719424460432
4088400,1534,1463,95.3715775749674
4051000,438,316,72.14611872146118
4007300,343,343,100.0
4049302,656,565,86.1280487804878
4022002,1369,1327,96.93206720233746
4079200,630,571,90.63492063492063
4145102,481,481,100.0
4025500,254,165,64.96062992125984
4067900,744,631,84.81182795698925
4042400,511,445,87.08414872798434
4023200,1078,1070,99.25788497217069
4126500,326,326,100.0
4044602,1180,1143,96.86440677966101
4049600,597,578,96.8174204355109
4025301,556,530,95.32374100719424
4000100,1466,1448,98.77216916780355
4014201,1034,920,88.97485493230174
4099100,1265,1195,94.46640316205533
4129104,790,769,97.34177215189874
4084000,1179,1093,92.70568278201866
4140300,387,387,100.0
4056000,365,356,97.53424657534246
4077904,1452,1229,84.64187327823691
4066900,311,299,96.14147909967846
4062400,0,0,0.0
4060701,0,0,0.0
4001600,384,348,90.625
4052800,275,214,77.81818181818181
4064600,652,558,85.58282208588957
4046100,579,579,100.0
4101002,1519,1295,85.25345622119815
4028200,525,481,91.61904761904762
4026700,1063,823,77.42238946378176
4020500,227,184,81.05726872246696
4070900,597,597,100.0
4120300,209,197,94.25837320574163
4049301,479,447,93.31941544885177
4010800,745,651,87.38255033557047
4052600,435,327,75.17241379310344
4046700,1453,1144,78.73365450791466
4099900,0,0,0.0
4003200,379,356,93.93139841688655
4061301,1216,1031,84.78618421052632
4019800,928,846,91.16379310344827
4002400,524,492,93.89312977099237
4150701,611,611,100.0
4100802,3021,2519,83.38298576630255
4039900,1302,881,67.66513056835637
4004200,965,941,97.51295336787564
4025700,243,230,94.65020576131687
4051100,552,528,95.65217391304348
4023000,273,267,97.8021978021978
4031700,921,921,100.0
4012100,261,251,96.16858237547893
4053401,370,370,100.0
4061200,351,313,89.17378917378917
4050800,511,439,85.90998043052838
4145900,489,365,74.64212678936605
4157901,769,678,88.16644993498049
4100801,702,702,100.0
4020400,540,482,89.25925925925927
4081800,1034,962,93.03675048355899
4066501,862,862,100.0
4144700,519,503,96.91714836223507
4101700,1200,1157,96.41666666666666
4055700,1065,893,83.84976525821595
4053601,433,433,100.0
4128300,0,0,0.0
4063700,647,574,88.71715610510046
4003700,0,0,0.0
4116300,1186,962,81.11298482293424
4016900,892,877,98.31838565022422
4061602,189,189,100.0
4005000,29,29,100.0
4051700,403,403,100.0
4051200,692,692,100.0
4026600,289,225,77.85467128027682
4000600,891,864,96.96969696969697
4072300,350,350,100.0
4015200,589,567,96.26485568760611
4062200,290,284,97.93103448275862
4058100,757,757,100.0
4013800,931,665,71.42857142857143
4053100,790,716,90.63291139240506
4056700,1157,1116,96.45635263612792
4054000,941,903,95.96174282678001
4071900,165,159,96.36363636363636
4018200,545,509,93.39449541284404
4055400,502,448,89.2430278884462
4036800,537,462,86.03351955307262
4005500,90,87,96.66666666666667
4024600,0,0,0.0
4014100,275,269,97.81818181818181
4102900,859,859,100.0
4045800,575,463,80.52173913043478
4002800,832,769,92.42788461538461
4029100,1121,819,73.05976806422836
4050201,307,275,89.57654723127035
4079900,749,632,84.37917222963952
4009800,668,581,86.97604790419162
4113900,583,565,96.91252144082333
4037900,1465,1202,82.04778156996588
4140902,499,472,94.58917835671342
4017600,402,359,89.30348258706468
4097202,1214,1012,83.36079077429983
4025900,777,746,96.01029601029602
4008100,234,169,72.22222222222221
4047600,242,242,100.0
4006100,487,487,100.0
4046400,214,214,100.0
4027400,259,171,66.02316602316603
4030600,1246,931,74.71910112359551
4099703,541,541,100.0
4074700,702,350,49.85754985754986
4017100,0,0,0.0
4118100,281,281,100.0
4046200,1451,1355,93.38387319090282
4018300,1285,1259,97.97665369649805
4002500,1916,1605,83.76826722338204
4048400,1025,1025,100.0
4039400,607,537,88.46787479406919
4071600,0,0,0.0
4017000,492,479,97.35772357723577
4141700,893,738,82.6427771556551
4103202,3052,2878,94.29882044560944
4019600,611,595,97.38134206219313
4032800,564,552,97.87234042553192
4033900,620,620,100.0
4003300,369,341,92.41192411924119
4026000,721,567,78.64077669902912
4091900,834,753,90.28776978417267
4010300,533,479,89.8686679174484
4120100,252,216,85.71428571428571
4084900,1347,1068,79.28730512249443
4097204,885,743,83.954802259887
4115700,517,517,100.0
4033000,1697,1554,91.57336476134354
4032700,710,710,100.0
4005700,570,485,85.08771929824562
4046500,721,667,92.51040221914009
4033700,623,537,86.19582664526484
4032900,550,509,92.54545454545455
4022001,519,500,96.33911368015414
4040000,296,296,100.0
4038100,1933,1353,69.99482669425763
4009900,0,0,0.0
4043701,551,434,78.76588021778585
4094500,872,765,87.72935779816514
4000400,1089,1049,96.32690541781452
4035800,878,818,93.16628701594533
4095400,1642,1518,92.44823386114494
4074300,878,839,95.55808656036446
4147900,831,659,79.30204572803851
4063800,656,627,95.57926829268293
4010100,364,323,88.73626373626374
4117500,770,718,93.24675324675324
4070300,325,312,96.0
4091601,771,771,100.0
4041300,1557,1133,72.76814386640976
4069701,677,665,98.22747415066469
4103201,2003,1678,83.77433849226162
4006501,293,286,97.61092150170649
4138502,0,0,0.0
4009500,454,393,86.56387665198237
4006502,324,303,93.51851851851852
4023800,1150,1043,90.69565217391305
4103300,769,769,100.0
4129102,1159,1146,98.87834339948232
4068200,210,210,100.0
4044400,935,830,88.77005347593582
4019200,360,305,84.72222222222221
4002000,315,261,82.85714285714286
4011000,661,563,85.17397881996975
4029500,450,443,98.44444444444444
4008500,223,223,100.0
4085500,1359,1018,74.90802060338484
4099701,463,463,100.0
4059900,151,151,100.0
4056600,258,219,84.88372093023256
4075701,827,827,100.0
4007100,186,158,84.94623655913979
4051800,360,335,93.05555555555556
4115900,682,612,89.73607038123167
4112900,419,399,95.22673031026252
4119500,208,202,97.11538461538461
4077902,1626,1485,91.32841328413284
4121500,906,799,88.18984547461368
4124700,691,691,100.0
4041100,950,745,78.42105263157895
4045700,514,473,92.02334630350194
4026400,634,517,81.54574132492114
4048200,296,284,95.94594594594594
4052500,541,535,98.8909426987061
4067700,302,300,99.33774834437085
4006202,1921,1820,94.74232170744405
4150702,590,509,86.27118644067797
4138501,1052,1039,98.76425855513308
4155101,0,0,0.0
4155102,1521,1521,100.0
4084500,550,512,93.0909090909091
4084601,571,494,86.51488616462348
4068000,1254,1063,84.76874003189792
4062600,587,545,92.84497444633732
4026300,1406,1324,94.1678520625889
4014400,526,467,88.78326996197718
4114700,283,276,97.52650176678446
4004401,1093,1093,100.0
4024700,231,187,80.95238095238095
4039800,359,326,90.80779944289694
4019000,552,503,91.12318840579711
4074900,346,346,100.0
4012800,686,659,96.06413994169097
4162100,1610,1416,87.95031055900621
4058500,883,746,84.48471121177803
4054800,428,376,87.85046728971963
4000800,741,741,100.0
4056800,835,835,100.0
4071701,656,615,93.75
4119100,539,451,83.6734693877551
4061400,271,260,95.9409594095941
4038301,0,0,0.0
4036600,591,578,97.80033840947546
4064102,0,0,0.0
4124100,859,767,89.28987194412107
4047100,1022,1022,100.0
4062700,707,581,82.17821782178217
4059500,1217,1078,88.5784716516023
4055300,587,533,90.80068143100512
4056400,257,188,73.15175097276264
4079701,1282,1265,98.67394695787831
4069500,309,302,97.73462783171522
4157903,740,661,89.32432432432432
4028700,1089,1089,100.0
4096400,1647,1545,93.80692167577413
4018700,356,310,87.07865168539325
4009100,276,276,100.0
4045400,1080,880,81.48148148148148
4011200,400,366,91.5
4015801,872,821,94.15137614678899
4115100,144,144,100.0
4046000,1670,1390,83.23353293413174
4014800,318,300,94.33962264150944
4018600,530,481,90.75471698113208
4054200,991,906,91.42280524722503
4011800,608,541,88.98026315789474
4062100,535,495,92.5233644859813
4157102,564,518,91.84397163120568
4047200,516,516,100.0
4115500,528,451,85.41666666666666
4018402,432,395,91.43518518518519
4015500,363,333,91.73553719008265
4040200,380,380,100.0
4093900,1227,973,79.29910350448249
4065702,261,261,100.0
4066701,559,543,97.13774597495528
4090700,430,384,89.30232558139535
4024300,961,878,91.36316337148803
4060300,441,414,93.87755102040816
4139900,406,406,100.0
4157902,762,753,98.81889763779527
4152902,797,758,95.10664993726475
4049200,1067,1014,95.0328022492971
4025800,551,533,96.73321234119783
4060800,315,284,90.15873015873017
4125700,779,679,87.16302952503209
4066000,769,769,100.0
4008700,1377,967,70.22512708787218
4014500,426,406,95.30516431924883
4011900,130,130,100.0
4015600,515,474,92.03883495145631
4061302,0,0,0.0
4161700,893,893,100.0
4051500,665,639,96.09022556390977
4018000,201,201,100.0
4040100,2511,1918,76.38391079251295
4027300,1521,1341,88.16568047337277
4071303,749,749,100.0
4080301,747,648,86.74698795180723
4034700,609,587,96.38752052545156
4059800,342,318,92.98245614035088
4019900,84,71,84.52380952380952
4113300,358,352,98.32402234636871
4049700,624,598,95.83333333333334
4030903,1282,1175,91.65366614664586
4061800,367,340,92.64305177111717
4026200,243,189,77.77777777777779
4044800,861,764,88.73403019744484
4001400,904,904,100.0
4057900,439,390,88.8382687927107
4152901,910,910,100.0
4097300,262,240,91.6030534351145
4116100,361,285,78.94736842105263
4017900,154,133,86.36363636363636
4040500,805,618,76.77018633540372
4064500,446,423,94.84304932735425
4010701,0,0,0.0
4017800,613,576,93.96411092985318
4005800,1155,1146,99.22077922077922
4037100,203,203,100.0
4046800,605,527,87.10743801652893
4036500,1027,805,78.38364167478092
4055100,964,749,77.69709543568464
4058700,895,812,90.72625698324023
4010400,494,480,97.16599190283401
4068300,499,455,91.18236472945893
4065900,358,324,90.5027932960894
4134100,740,730,98.64864864864865
4069702,549,539,98.1785063752277
4006300,495,495,100.0
4133300,755,755,100.0
4137700,1772,1504,84.87584650112868
4012400,812,685,84.35960591133005
4021900,0,0,0.0
4070700,497,497,100.0
4074500,1131,1119,98.93899204244032
4018900,476,476,100.0
4009400,681,666,97.79735682819384
4146300,427,427,100.0
4016400,946,920,97.25158562367865
4077300,268,268,100.0
4144100,408,387,94.85294117647058
4006900,412,360,87.37864077669903
4047000,708,618,87.28813559322035
4018800,331,298,90.03021148036254
4046600,851,793,93.18448883666275
4093402,783,770,98.33971902937421
4017400,467,413,88.43683083511777
4047300,576,517,89.75694444444444
4000700,1015,1015,100.0
4117100,343,276,80.466472303207
4005900,439,361,82.23234624145786
4077903,778,752,96.65809768637533
4055200,477,404,84.69601677148847
4011300,593,593,100.0
4029900,0,0,0.0
4053200,401,401,100.0
4044301,807,676,83.76703841387855
4045600,203,197,97.04433497536947
4049500,419,356,84.96420047732697
4040900,1387,951,68.56524873828407
4094700,476,454,95.37815126050421
4091800,0,0,0.0
4066400,1637,1637,100.0
4014700,224,224,100.0
4069400,843,823,97.62752075919336
4024500,710,655,92.25352112676056
4026901,841,841,100.0
4032000,1270,1100,86.61417322834646
4004500,571,571,100.0
4146700,398,398,100.0
4048000,331,249,75.22658610271903
4014202,457,379,82.93216630196937
4003100,109,105,96.3302752293578
4130100,781,774,99.10371318822023
4148300,626,620,99.04153354632588
4063500,662,589,88.97280966767372
4049900,1062,1024,96.42184557438794
4009600,747,641,85.80990629183401
4014000,1075,892,82.97674418604652
4055900,265,250,94.33962264150944
4012000,484,310,64.0495867768595
4014900,176,128,72.72727272727273
4119900,200,163,81.5
4029300,177,177,100.0
4011100,526,518,98.47908745247148
4035200,836,758,90.66985645933015
4076901,838,838,100.0
4094203,1137,1059,93.13984168865436
4143500,384,345,89.84375
4066100,255,255,100.0
4028000,401,364,90.77306733167082
4041400,908,869,95.70484581497797
4001000,1020,918,90.0
4037300,671,560,83.4575260804769
4033402,2259,2137,94.59938025675078
4061601,551,456,82.75862068965517
4067100,488,488,100.0
4040400,949,848,89.35721812434141
4047800,611,387,63.338788870703766
4056200,390,383,98.2051282051282
4028900,963,799,82.9698857736241
4056500,299,278,92.97658862876254
4109700,321,321,100.0
4025302,430,382,88.83720930232558
4028500,1087,1017,93.56025758969642
4020800,630,526,83.4920634920635
4027900,796,719,90.32663316582915
4063000,231,231,100.0
4136700,904,883,97.67699115044249
4053000,562,562,100.0
4013600,337,319,94.65875370919882
4007500,476,476,100.0
4012500,190,190,100.0
4071304,741,634,85.5600539811066
4021400,1524,1242,81.49606299212599
4013400,1013,872,86.08094768015795
4044000,935,888,94.97326203208556
4030904,774,706,91.21447028423772
4016100,363,339,93.38842975206612
4009700,624,609,97.59615384615384
4071702,514,475,92.41245136186771
4048900,385,385,100.0
4072900,308,308,100.0
4065000,504,424,84.12698412698413
4030902,1471,1430,97.21278042148198
4011400,450,361,80.22222222222221
4052100,522,463,88.69731800766284
4086100,249,225,90.36144578313254
4018401,536,509,94.96268656716418
4099704,1221,1221,100.0
4010600,765,760,99.34640522875817
4045000,433,408,94.22632794457274
4005400,1362,1258,92.36417033773861
4015700,151,113,74.83443708609272
4075702,962,962,100.0
4012602,653,550,84.22664624808576
4013000,323,309,95.6656346749226
4005300,540,540,100.0
4008300,449,414,92.20489977728286
4058200,754,739,98.0106100795756
4043200,278,204,73.38129496402878
4017200,396,376,94.94949494949495
4033100,0,0,0.0
4050202,284,265,93.30985915492957
4069000,815,604,74.11042944785277
4045500,3617,2965,81.974011611833
4045900,868,855,98.50230414746544
4027700,1705,1520,89.14956011730204
4103900,1209,1128,93.30024813895783
4038302,0,0,0.0
4010200,501,501,100.0
4052200,499,443,88.77755511022045
4071100,1236,1236,100.0
4083800,1001,993,99.20079920079921
4091602,0,0,0.0
4122702,2208,1401,63.45108695652174
4023500,1382,1094,79.16063675832127
4054700,1102,718,65.15426497277676
4018101,625,611,97.76
4073700,277,277,100.0
4134700,1684,1670,99.1686460807601
4059100,1321,969,73.35352006056019
4060000,165,165,100.0
4027200,514,369,71.78988326848248
4050700,859,677,78.81257275902212
4121100,0,0,0.0
4028100,565,503,89.02654867256638
4037600,1289,1116,86.57874321179209
4072100,510,510,100.0
4040700,2813,1986,70.60078208318521
4011600,357,341,95.51820728291317
5017010,2095,1742,83.15035799522673
5012805,530,431,81.32075471698114
5018701,369,325,88.07588075880759
5004000,3241,2889,89.13915458191916
5029103,1829,1700,92.94696555494806
5013400,854,715,83.72365339578455
5021300,1402,1402,100.0
5000600,231,224,96.96969696969697
5019700,393,393,100.0
5020804,1186,1055,88.95446880269814
5014608,789,750,95.05703422053232
5024700,712,609,85.53370786516854
5009602,573,536,93.54275741710296
5022600,2277,2089,91.74352217830479
5012804,851,707,83.07873090481786
5030302,1786,1551,86.8421052631579
5030301,937,937,100.0
5014604,1331,1262,94.81592787377912
5003300,864,864,100.0
5000900,509,387,76.03143418467585
5007000,1955,1681,85.9846547314578
5003600,602,559,92.85714285714286
5013301,347,194,55.907780979827095
5003900,408,335,82.1078431372549
5012500,789,528,66.92015209125475
5014700,614,587,95.60260586319218
5022300,758,606,79.94722955145119
5014100,442,423,95.70135746606336
5012200,598,538,89.96655518394648
5018901,937,937,100.0
5017007,1476,1385,93.83468834688347
5027702,1405,1294,92.09964412811388
5007500,871,635,72.90470723306545
5029102,816,798,97.79411764705883
5005900,653,497,76.11026033690659
5020700,1221,750,61.42506142506142
5008100,1093,693,63.403476669716376
5018702,1349,1269,94.06968124536694
5007700,387,338,87.33850129198967
5017011,924,788,85.28138528138528
5024402,1181,1155,97.79847586790855
5024800,1314,1146,87.21461187214612
5002700,491,381,77.59674134419552
5017005,1151,1040,90.35621198957429
5001800,211,211,100.0
5016901,614,604,98.37133550488599
5001100,827,692,83.67593712212818
5015100,1158,845,72.9706390328152
5006700,450,450,100.0
5012806,1142,1142,100.0
5027301,799,750,93.86733416770964
5009601,615,555,90.2439024390244
5015400,0,0,0.0
5014605,718,635,88.44011142061281
5002002,677,571,84.3426883308715
5031901,642,300,46.728971962616825
5002001,567,475,83.77425044091711
5009700,1158,1103,95.25043177892918
5011202,1171,958,81.81041844577285
5017300,513,387,75.43859649122807
5011402,589,531,90.15280135823429
5006400,883,810,91.73272933182332
5011401,625,527,84.32
5007400,1128,883,78.28014184397163
5020801,1844,1824,98.91540130151843
5031902,1618,1200,74.1656365883807
5027302,1152,912,79.16666666666666
5019800,1402,1247,88.94436519258203
5005000,933,765,81.9935691318328
5017600,899,874,97.21913236929922
5013302,775,602,77.6774193548387
5010500,972,818,84.15637860082305
5017700,1545,1327,85.88996763754045
5014606,1056,903,85.51136363636364
5017012,885,793,89.60451977401131
5002900,1114,671,60.23339317773788
5014607,920,719,78.15217391304347
5000700,1387,675,48.66618601297765
5012100,776,559,72.0360824742268
5015601,1332,1332,100.0
5011201,1306,1123,85.98774885145482
5018902,1528,1475,96.53141361256544
5013800,1133,1104,97.44042365401589
5017009,998,978,97.99599198396794
5020803,1754,1475,84.09350057012543
5015603,1145,1076,93.97379912663756
5018100,497,486,97.78672032193158
5027705,1155,889,76.96969696969697
5990100,0,0,0.0
5023900,991,782,78.91019172552977
5025100,854,854,100.0
5015602,591,581,98.30795262267344
5020100,793,681,85.87641866330391
5000800,1140,997,87.45614035087719
5013204,887,782,88.16234498308907
5029104,1740,1707,98.10344827586206
5027704,931,889,95.48872180451127
5032300,268,251,93.65671641791045
5027900,337,283,83.97626112759644
5017008,1577,1565,99.23906150919467
5024401,1307,1094,83.70313695485846
5002100,1053,718,68.18613485280152
5023100,1322,1093,82.67776096822995
5013201,291,286,98.28178694158075
5001700,355,300,84.50704225352112
5022800,0,0,0.0
5027706,844,662,78.43601895734598
5004700,333,303,90.990990990991
5013203,1180,939,79.57627118644068
5000300,252,199,78.96825396825396
3040500,314,265,84.39490445859873
3037300,850,557,65.52941176470588
3025300,714,552,77.31092436974791
3024100,451,256,56.76274944567628
3028800,761,697,91.59001314060447
3020200,428,428,100.0
3047200,1158,435,37.56476683937824
3049700,213,213,100.0
3096400,281,230,81.85053380782918
3016200,302,284,94.03973509933775
3036001,372,286,76.88172043010752
3016700,1375,1303,94.76363636363637
3082600,1099,948,86.26023657870792
3025000,257,257,100.0
3080400,544,405,74.44852941176471
3028700,391,302,77.23785166240408
3025500,1919,1418,73.89265242313705
3036501,878,799,91.00227790432803
3028501,78,40,51.28205128205128
3020600,444,444,100.0
3048600,995,674,67.73869346733669
3022400,2715,1181,43.499079189686924
3014100,584,570,97.6027397260274
3030500,588,561,95.40816326530613
3007100,1047,830,79.2741165234002
3008000,742,510,68.73315363881402
3082800,974,733,75.25667351129364
3121400,1711,1226,71.65400350672122
3029500,657,610,92.8462709284627
3044800,554,497,89.71119133574007
3014300,581,456,78.48537005163512
3049900,238,238,100.0
3039900,735,639,86.93877551020408
3015700,622,622,100.0
3102200,600,570,95.0
3056100,380,371,97.63157894736842
3152200,948,948,100.0
3027000,378,343,90.74074074074075
3007000,518,413,79.72972972972973
3087200,648,613,94.59876543209876
3055700,166,166,100.0
3043800,757,593,78.33553500660501
3022100,389,337,86.63239074550128
3051700,244,244,100.0
3088400,1102,859,77.9491833030853
3097000,647,588,90.88098918083463
3004500,698,681,97.56446991404012
3000100,596,596,100.0
3019800,392,392,100.0
3101000,474,432,91.13924050632912
3089200,445,249,55.955056179775276
3033000,1288,927,71.972049689441
3039000,749,482,64.35246995994659
3005300,490,458,93.46938775510203
3027100,723,615,85.06224066390041
3102600,598,579,96.8227424749164
3015100,995,881,88.54271356783919
3029400,457,457,100.0
3023600,2858,439,15.36039188243527
3024700,533,440,82.55159474671669
3025600,720,657,91.25
3122000,1468,1169,79.63215258855585
3017200,589,589,100.0
3027700,1100,934,84.9090909090909
3040000,721,635,88.07212205270459
3044100,734,583,79.42779291553134
3036400,471,463,98.30148619957538
3023300,1184,774,65.37162162162163
3099000,548,525,95.8029197080292
3116800,691,608,87.98842257597684
3119200,642,502,78.19314641744548
3074200,1040,873,83.9423076923077
3013900,570,570,100.0
3091200,1536,1174,76.43229166666666
3048500,152,124,81.57894736842105
3078400,486,456,93.82716049382715
3018300,481,457,95.01039501039502
3053900,968,202,20.867768595041323
3078800,877,691,78.79133409350057
3088000,675,675,100.0
3047000,1239,618,49.87893462469734
3022800,1449,547,37.75017253278123
3064600,790,745,94.30379746835443
3093800,419,384,91.64677804295943
3002000,302,221,73.17880794701986
3051200,1624,1191,73.33743842364532
3046000,979,856,87.43615934627171
3052000,1117,894,80.03581020590869
3055500,1075,1075,100.0
3022700,592,477,80.57432432432432
3015400,0,0,0.0
3028300,888,646,72.74774774774775
3031900,720,544,75.55555555555556
3032100,955,743,77.80104712041886
3068200,702,652,92.87749287749287
3089600,512,457,89.2578125
3037401,872,860,98.62385321100918
3005900,154,117,75.97402597402598
3018800,511,480,93.9334637964775
3117601,935,767,82.03208556149733
3088600,850,733,86.23529411764706
3030700,1649,1204,73.0139478471801
3019700,550,505,91.81818181818183
3010400,1146,938,81.84991273996509
3053800,1138,840,73.81370826010544
3018501,1069,978,91.48737137511694
3010200,1415,1239,87.5618374558304
3075600,565,565,100.0
3004300,543,527,97.05340699815838
3119400,1771,1451,81.93111236589498
3061002,696,696,100.0
3072600,401,401,100.0
3100800,526,518,98.47908745247148
3059200,731,628,85.90971272229822
3029800,884,751,84.95475113122171
3035000,259,259,100.0
3020400,389,383,98.45758354755783
3089400,959,848,88.42544316996872
3099400,360,360,100.0
3043200,852,836,98.12206572769952
3078000,359,349,97.21448467966573
3054400,789,708,89.73384030418251
3007500,981,981,100.0
3110600,1033,655,63.40755082284608
3067000,638,618,96.86520376175548
3028400,816,792,97.05882352941177
3019400,754,524,69.49602122015915
3113200,453,424,93.59823399558499
3055600,1046,935,89.38814531548758
3074800,681,633,92.95154185022027
3079802,853,659,77.2567409144197
3114400,574,483,84.14634146341463
3118800,812,747,91.99507389162561
3070202,0,0,0.0
3115800,673,605,89.8959881129272
3060600,420,420,100.0
3050801,886,493,55.64334085778781
3016900,992,992,100.0
3025200,945,898,95.02645502645503
3027500,867,822,94.80968858131487
3025901,467,304,65.0963597430407
3009000,753,604,80.2124833997344
3114202,693,503,72.58297258297259
3038600,785,687,87.51592356687898
3029600,1407,1267,90.04975124378109
3042600,780,726,93.07692307692308
3035700,674,499,74.03560830860533
3038100,1360,1067,78.45588235294117
3056000,743,743,100.0
3096800,406,281,69.21182266009852
3029100,278,278,100.0
3095600,1120,942,84.10714285714286
3069800,298,298,100.0
3112600,663,427,64.40422322775264
3041402,414,414,100.0
3042700,1138,1001,87.96133567662567
3030600,331,264,79.7583081570997
3036700,262,186,70.99236641221374
3045000,216,138,63.888888888888886
3022600,647,387,59.8145285935085
3012902,519,438,84.39306358381504
3066200,301,301,100.0
3058000,886,808,91.19638826185101
3099200,622,596,95.81993569131832
3021300,777,735,94.5945945945946
3061004,1153,1046,90.71986123156982
3086200,657,495,75.34246575342466
3017700,0,0,0.0
3100600,600,600,100.0
3000700,950,916,96.42105263157895
3041800,923,816,88.40736728060672
3014700,588,563,95.74829931972789
3006400,487,487,100.0
3052600,1048,766,73.09160305343512
3049500,248,230,92.74193548387096
3032300,633,512,80.88467614533965
3069601,764,679,88.87434554973822
3019300,1024,823,80.37109375
3042800,725,645,88.96551724137932
3035900,1343,1120,83.39538346984364
3051100,463,252,54.42764578833693
3001100,122,122,100.0
3026000,424,386,91.0377358490566
3031702,618,581,94.01294498381877
3044900,953,490,51.41657922350472
3014200,452,411,90.929203539823
3013500,1154,1154,100.0
3007200,516,409,79.26356589147287
3093600,343,317,92.4198250728863
3035601,202,195,96.53465346534654
3026900,580,491,84.6551724137931
3085600,472,438,92.79661016949152
3036502,349,307,87.96561604584528
3031400,827,588,71.10036275695283
3059401,1122,1110,98.93048128342245
3057400,582,569,97.76632302405498
3079601,664,646,97.28915662650603
3021600,2132,1017,47.7016885553471
3077400,1040,1022,98.26923076923076
3117602,879,574,65.30147895335608
3081600,679,580,85.41973490427098
3024300,667,513,76.91154422788605
3045400,466,310,66.52360515021459
3118400,1051,922,87.72597526165556
3112400,820,763,93.04878048780488
3010600,798,601,75.31328320802005
3043300,1037,837,80.71359691417551
3050900,3269,634,19.39431018660141
3011000,876,558,63.6986301369863
3032700,310,184,59.354838709677416
3033300,1740,1385,79.59770114942529
3109800,501,367,73.25349301397206
3043500,1112,877,78.86690647482014
3057500,312,312,100.0
3023800,1448,433,29.903314917127073
3119800,798,599,75.06265664160401
3076400,849,829,97.64428739693759
3016500,1421,1408,99.08515130190007
3117400,1126,1039,92.27353463587922
3025700,392,335,85.45918367346938
3026400,831,801,96.38989169675091
3070201,1313,1277,97.25818735719726
3079602,1041,698,67.05091258405379
3116000,470,415,88.29787234042553
3044700,382,352,92.14659685863874
3075000,837,743,88.7694145758662
3051601,989,707,71.48634984833164
3013800,532,483,90.78947368421053
3004400,483,483,100.0
3092800,545,417,76.5137614678899
3029700,740,669,90.4054054054054
3012600,596,540,90.60402684563759
3080000,734,651,88.69209809264305
3040300,557,267,47.93536804308797
3037700,870,606,69.6551724137931
3065600,462,462,100.0
3061003,413,348,84.26150121065376
3037402,1023,860,84.06647116324535
3005000,545,545,100.0
3031500,275,212,77.0909090909091
3046201,551,392,71.14337568058076
3005100,725,692,95.44827586206897
3012200,1422,1025,72.08157524613222
3002200,939,636,67.73162939297124
3058900,190,190,100.0
3038500,621,567,91.30434782608695
3031100,466,382,81.97424892703863
3086400,448,384,85.71428571428571
3033600,834,707,84.77218225419664
3093400,298,273,91.61073825503355
3078600,1204,811,67.35880398671097
3003000,391,391,100.0
3009400,1389,1246,89.70482361411088
3005400,381,340,89.23884514435696
3112000,699,444,63.519313304721024
3037500,644,599,93.01242236024845
3084600,476,449,94.32773109243698
3044500,1033,859,83.15585672797677
3038200,1644,1140,69.34306569343066
3010800,833,750,90.03601440576232
3042300,643,355,55.2099533437014
3042400,836,796,95.21531100478468
3065000,311,208,66.88102893890675
3024400,1634,974,59.60832313341493
3012901,413,413,100.0
3035500,1436,1077,75.0
3006000,767,734,95.69752281616688
3113400,837,715,85.42413381123059
3050100,331,302,91.23867069486404
3035400,740,711,96.08108108108108
3006500,1275,1275,100.0
3021400,831,582,70.03610108303249
3017600,620,620,100.0
3022900,629,615,97.77424483306835
3040900,847,787,92.91617473435655
3007600,1243,672,54.06275140788415
3039600,600,594,99.0
3043100,1129,713,63.15323294951284
3048000,1172,786,67.06484641638225
3098600,573,562,98.08027923211169
3050300,224,203,90.625
3009600,1474,1069,72.52374491180461
3086800,783,652,83.26947637292464
3015300,469,469,100.0
3007400,1544,1228,79.53367875647669
3102800,306,292,95.42483660130719
3018700,295,286,96.94915254237289
3020100,579,579,100.0
3005201,150,150,100.0
3050202,482,482,100.0
3062000,321,312,97.19626168224299
3072000,610,536,87.8688524590164
3098200,1472,971,65.96467391304348
3083000,1576,1535,97.3984771573604
3084000,522,492,94.25287356321839
3047400,1005,345,34.32835820895522
3029000,932,475,50.96566523605151
3115000,828,698,84.29951690821255
3116200,529,264,49.9054820415879
3020800,721,680,94.31345353675451
3021200,876,799,91.21004566210046
3056600,643,638,99.22239502332815
3041000,602,559,92.85714285714286
3008800,391,391,100.0
3118000,0,0,0.0
3054300,55,55,100.0
3050700,1603,340,21.210230817217717
3046800,1121,426,38.00178412132025
3089800,352,320,90.9090909090909
3012801,433,433,100.0
3007700,1178,1178,100.0
3013300,1029,1004,97.57045675413022
3044000,935,768,82.13903743315508
3038300,1032,697,67.53875968992247
3043900,713,452,63.394109396914445
3021500,1040,995,95.67307692307693
3003500,257,238,92.60700389105058
3066000,554,554,100.0
3059300,292,283,96.91780821917808
3099600,798,780,97.74436090225564
3103400,1303,1070,82.11818879508826
3033500,904,868,96.01769911504425
3023000,2057,765,37.1900826446281
3028600,1214,1214,100.0
3080200,829,685,82.62967430639324
3049400,1276,1207,94.59247648902821
3096200,505,439,86.93069306930693
3101200,444,408,91.8918918918919
3033100,769,702,91.28738621586476
3004100,683,673,98.5358711566618
3036600,1095,885,80.82191780821918
3026600,712,667,93.67977528089888
3012700,926,734,79.26565874730022
3018400,636,587,92.29559748427673
3039100,525,510,97.14285714285714
3025902,1304,1024,78.52760736196319
3030400,764,757,99.08376963350786
3048100,266,258,96.99248120300751
3003800,262,262,100.0
3030800,299,285,95.31772575250837
3017000,795,756,95.09433962264151
3094600,375,375,100.0
3045600,804,662,82.33830845771143
3024600,848,725,85.49528301886792
3003900,437,437,100.0
3067800,475,455,95.78947368421052
3012000,243,239,98.35390946502058
3093200,57,57,100.0
3019600,784,589,75.12755102040816
3047600,1533,760,49.57599478147423
3064200,548,532,97.08029197080292
3052500,1021,400,39.17727717923604
3049000,1399,1332,95.2108649035025
3007800,1216,719,59.12828947368421
3044600,543,493,90.79189686924494
3059000,422,413,97.86729857819904
3990100,0,0,0.0
3050000,1079,1079,100.0
3016000,727,708,97.38651994497937
3048400,2136,1631,76.35767790262172
3087600,215,177,82.32558139534883
3079200,748,441,58.9572192513369
3094401,476,476,100.0
3070000,344,330,95.93023255813954
3041900,843,693,82.20640569395017
3027800,450,433,96.22222222222221
3059600,211,211,100.0
3047700,406,343,84.48275862068965
3072400,282,271,96.09929078014184
3028000,335,305,91.04477611940298
3079400,344,285,82.84883720930233
3020000,478,459,96.02510460251045
3000301,722,722,100.0
3017900,852,771,90.49295774647888
3073000,417,417,100.0
3003400,538,538,100.0
3056300,695,695,100.0
3119000,810,608,75.06172839506173
3001500,1425,1389,97.47368421052632
3005800,565,535,94.69026548672566
3028200,832,769,92.42788461538461
3074000,898,737,82.07126948775056
3052900,1551,169,10.89619600257898
3006200,638,638,100.0
3024000,1673,761,45.48714883442917
3016800,358,358,100.0
3105801,1059,1049,99.05571293673276
3110400,1190,996,83.69747899159664
3034100,428,347,81.07476635514018
3051800,452,442,97.78761061946902
3091600,987,836,84.70111448834852
3117000,582,544,93.47079037800687
3051900,372,347,93.27956989247312
3052300,832,422,50.72115384615385
3019000,941,941,100.0
3024800,733,591,80.6275579809004
3081800,678,547,80.67846607669617
3003600,590,575,97.45762711864407
3014500,517,508,98.25918762088975
3043400,795,757,95.22012578616352
3063800,448,448,100.0
3123700,3758,1084,28.845130388504526
3046400,1364,659,48.313782991202345
3018100,632,519,82.12025316455697
3032500,1144,1054,92.13286713286713
3079000,1542,1239,80.35019455252919
3074400,993,936,94.25981873111783
3006900,530,530,100.0
3041200,581,473,81.41135972461274
3030200,908,861,94.8237885462555
3032900,1828,1419,77.6258205689278
3040200,538,454,84.38661710037175
3054700,2093,664,31.72479694218825
3054800,595,582,97.81512605042016
3022000,1905,794,41.67979002624672
3048200,1165,943,80.94420600858369
3150200,668,661,98.95209580838323
3014000,389,389,100.0
3048800,1045,666,63.73205741626794
3048900,840,557,66.30952380952381
3087401,1104,926,83.87681159420289
3005602,247,247,100.0
3073200,509,475,93.32023575638507
3042000,519,428,82.46628131021194
3035200,38,38,100.0
3010100,903,829,91.80509413067553
3030000,905,905,100.0
3034900,1606,1385,86.23910336239103
3039500,985,621,63.045685279187815
3027300,637,543,85.24332810047096
3090600,758,388,51.187335092348285
3026300,323,267,82.6625386996904
3042100,929,731,78.68675995694295
3053700,1959,211,10.770801429300663
3118202,868,822,94.70046082949308
3054200,1352,1109,82.0266272189349
3116600,868,828,95.39170506912443
3023500,1583,523,33.0385344283007
3023200,2454,709,28.891605541972293
3024200,1168,633,54.195205479452056
3024500,877,763,87.00114025085519
3040700,0,0,0.0
3023400,2222,508,22.862286228622864
3013200,618,555,89.80582524271846
3105804,1557,1468,94.28387925497752
3039700,712,490,68.82022471910112
3082000,1326,842,63.49924585218702
3041700,631,448,70.99841521394612
3053400,1632,1289,78.9828431372549
3059402,956,956,100.0
3009200,1553,1374,88.4739214423696
3037100,1344,1244,92.55952380952381
3041100,531,403,75.89453860640302
3085200,0,0,0.0
3006600,682,580,85.04398826979472
3019500,441,441,100.0
3011400,1164,529,45.446735395189
3072200,630,620,98.4126984126984
3101600,383,383,100.0
3026700,621,570,91.78743961352657
3042200,1037,1008,97.20347155255546
3112800,890,795,89.32584269662921
3081000,628,601,95.70063694267516
3043700,1153,693,60.1040763226366
3003100,271,271,100.0
3086600,701,644,91.86875891583452
3006800,1095,795,72.6027397260274
3025100,748,741,99.06417112299465
3055100,1027,957,93.1840311587147
3101400,469,468,99.7867803837953
3040400,416,371,89.1826923076923
3082400,1116,874,78.31541218637993
3114201,507,471,92.89940828402366
3049200,687,547,79.62154294032024
3035100,927,873,94.1747572815534
3033700,1043,900,86.28954937679771
3041600,702,521,74.21652421652422
3025800,1005,950,94.5273631840796
3055800,523,491,93.88145315487571
3064400,1066,1013,95.0281425891182
3064800,676,570,84.31952662721893
3065200,164,164,100.0
3002100,1146,1108,96.68411867364746
3051001,801,723,90.2621722846442
3069200,782,679,86.82864450127877
3002300,1242,728,58.615136876006446
3017500,0,0,0.0
3057100,301,301,100.0
3015000,264,264,100.0
3095400,844,728,86.25592417061611
3000502,300,295,98.33333333333333
3054500,3701,1155,31.207781680626855
3013600,851,834,98.00235017626322
3010000,1668,1438,86.21103117505994
3005601,296,296,100.0
3057300,236,210,88.98305084745762
3093000,567,517,91.18165784832452
3016300,473,434,91.75475687103594
3058800,625,579,92.64
3039800,621,559,90.01610305958133
3040600,830,785,94.57831325301204
3013700,729,705,96.70781893004116
3091000,831,666,80.14440433212997
3086000,809,719,88.87515451174289
3011200,2093,994,47.491638795986624
3119600,1227,1031,84.02607986960065
3019100,525,405,77.14285714285715
3029200,698,630,90.25787965616045
3083200,431,431,100.0
3043600,947,939,99.15522703273496
3027900,619,439,70.92084006462036
3075800,282,218,77.30496453900709
3095000,516,396,76.74418604651163
3111600,1357,979,72.14443625644805
3020500,441,441,100.0
3117201,737,531,72.04884667571235
3059100,335,321,95.82089552238806
3030900,610,543,89.01639344262296
3013100,805,789,98.01242236024845
3084800,345,326,94.4927536231884
3050803,380,339,89.21052631578948
3046202,711,422,59.353023909985936
3030100,653,504,77.18223583460949
3090000,958,700,73.06889352818372
3113000,961,947,98.54318418314256
3018200,822,718,87.34793187347933
3008600,0,0,0.0
3089000,860,820,95.34883720930233
3063600,317,312,98.42271293375394
3068600,360,335,93.05555555555556
3096600,626,464,74.12140575079871
3057000,479,466,97.28601252609603
3032600,2600,2242,86.23076923076923
3031300,598,417,69.7324414715719
3111800,915,860,93.98907103825137
3052700,1252,1162,92.81150159744409
3050500,463,284,61.33909287257019
3040100,500,389,77.8
3065800,432,432,100.0
3034700,879,846,96.24573378839591
3098800,748,700,93.58288770053476
3045300,216,216,100.0
3055300,343,343,100.0
3032800,571,359,62.87215411558669
3011600,877,845,96.35119726339795
3085400,480,384,80.0
3037000,918,844,91.93899782135077
3015200,460,460,100.0
3102000,654,646,98.77675840978594
3107000,455,435,95.6043956043956
3085000,368,337,91.57608695652173
3047800,1728,635,36.74768518518518
3091800,435,294,67.58620689655173
3008200,902,637,70.62084257206209
3005202,305,305,100.0
3016400,380,368,96.84210526315789
3035602,557,541,97.12746858168761
3015900,938,882,94.02985074626866
3115200,914,885,96.82713347921225
3120000,798,765,95.86466165413535
3062200,365,365,100.0
3014900,1356,1293,95.35398230088495
3003300,551,539,97.82214156079854
3021100,431,393,91.1832946635731
3057600,585,537,91.7948717948718
3019900,588,505,85.8843537414966
3054600,1230,1204,97.88617886178862
3092000,630,463,73.4920634920635
3034300,1322,1217,92.05748865355523
3049100,1085,917,84.51612903225806
3078200,1206,1096,90.87893864013267
3028100,1387,1120,80.74981975486662
3049600,1062,860,80.97928436911488
3088800,855,764,89.35672514619884
3073400,448,430,95.98214285714286
3053000,1294,723,55.87326120556414
3114600,734,600,81.74386920980926
3097400,531,499,93.97363465160076
3049800,960,907,94.47916666666667
3051300,656,587,89.48170731707317
3041401,520,520,100.0
3034000,287,209,72.82229965156795
3092200,453,445,98.23399558498896
3026200,600,521,86.83333333333333
3060800,680,564,82.94117647058825
3036300,1395,1067,76.48745519713262
3001300,252,252,100.0
3051400,2434,1902,78.1429745275267
3063200,264,236,89.39393939393939
3001800,0,0,0.0
3036100,642,546,85.04672897196261
3076200,1231,944,76.68562144597888
3027600,730,647,88.63013698630137
3004600,309,294,95.14563106796116
3009800,2115,1558,73.66430260047281
3020300,326,319,97.85276073619632
3029300,665,634,95.33834586466166
3018000,804,788,98.00995024875621
3025400,961,931,96.87825182101977
3073800,1417,1323,93.36626676076217
3100400,675,610,90.37037037037037
3076000,1110,804,72.43243243243244
3098400,428,388,90.65420560747664
3039200,808,786,97.27722772277228
3087000,759,539,71.01449275362319
3088200,1466,1408,96.043656207367
3036900,1727,1169,67.68963520555877
3058600,653,606,92.80245022970904
3017800,817,652,79.80416156670746
3085800,434,354,81.5668202764977
3000501,396,386,97.47474747474747
3033900,976,834,85.45081967213115
3041500,1141,973,85.2760736196319
3051002,1078,888,82.3747680890538
3107800,597,549,91.95979899497488
3057900,120,107,89.16666666666667
3044300,1065,868,81.50234741784037
3050400,986,983,99.69574036511156
3120200,473,425,89.85200845665962
3037900,906,624,68.87417218543047
3057200,1374,1055,76.78311499272198
3070203,0,0,0.0
3069602,1348,1229,91.17210682492582
3018600,528,528,100.0
3118201,727,632,86.93259972489685
3068000,529,474,89.60302457466919
3111000,854,607,71.07728337236534
3117202,780,676,86.66666666666667
3090200,416,375,90.14423076923077
3050804,1061,848,79.92459943449576
3036200,740,635,85.8108108108108
3112200,868,543,62.55760368663594
3015500,942,942,100.0
3101800,362,351,96.96132596685084
3021700,851,749,88.01410105757932
3083600,504,447,88.69047619047619
3096000,0,0,0.0
3038700,788,586,74.36548223350253
3013400,667,667,100.0
3055200,667,570,85.45727136431785
3067600,324,285,87.96296296296296
3077000,913,830,90.9090909090909
3099800,712,620,87.07865168539325
3082200,1646,1169,71.0206561360875
3049300,1609,1609,100.0
3027200,961,908,94.48491155046827
3026500,744,716,96.23655913978494
3056400,537,537,100.0
3004900,453,453,100.0
3077200,554,554,100.0
3062600,511,508,99.412915851272
3019200,975,570,58.46153846153847
3056200,409,345,84.3520782396088
3075200,268,260,97.01492537313433
3042500,686,582,84.8396501457726
3003700,229,229,100.0
3083400,309,268,86.73139158576052
3077600,562,549,97.68683274021353
3021000,994,980,98.59154929577466
3072800,866,787,90.87759815242494
3058200,718,585,81.47632311977716
3020700,754,701,92.9708222811671
3061600,184,174,94.56521739130434
3044400,1036,829,80.01930501930502
3030300,1344,895,66.59226190476191
3117800,488,469,96.10655737704919
3090800,631,631,100.0
3095800,653,503,77.0290964777948
3008500,2156,1729,80.1948051948052
3051602,647,495,76.50695517774344
3034800,854,820,96.01873536299766
3069000,490,418,85.3061224489796
3052800,391,264,67.51918158567774
3050600,1390,872,62.73381294964029
3121000,1192,1148,96.30872483221476
3045800,380,270,71.05263157894737
3066600,0,0,0.0
3021900,342,304,88.88888888888889
3056900,176,176,100.0
3027400,687,621,90.39301310043668
3053500,2129,236,11.085016439643026
3062800,924,900,97.40259740259741
3016100,508,508,100.0
3081400,606,543,89.60396039603961
3079801,429,399,93.00699300699301
3080800,85,71,83.52941176470588
3034500,492,453,92.07317073170732
3120800,2260,2129,94.20353982300885
3074600,756,701,92.72486772486772
3008400,923,828,89.70747562296857
3080600,1049,927,88.36987607244996
3011700,395,381,96.45569620253166
3053100,5398,795,14.727676917376806
3023100,428,413,96.49532710280374
3056500,379,379,100.0
3053300,3212,544,16.936488169364882
3017100,1037,1037,100.0
3092400,624,606,97.11538461538461
3076800,809,568,70.21013597033374
3116400,1047,971,92.74116523400191
3000200,308,253,82.14285714285714
3021800,1643,432,26.293365794278756
3043000,785,700,89.171974522293
3039400,853,812,95.1934349355217
3017400,569,516,90.68541300527241
3118600,564,444,78.72340425531915
3040800,794,675,85.01259445843829
3083800,321,310,96.57320872274143
3016600,350,342,97.71428571428571
3044200,1073,722,67.28797763280522
3022200,1727,377,21.829762594093804
3054900,950,618,65.05263157894737
3006300,325,325,100.0
3036002,765,551,72.02614379084967
3039300,667,534,80.0599700149925
3067400,447,447,100.0
3087800,367,332,90.46321525885558
3024900,569,569,100.0
3045200,938,606,64.60554371002132
3002901,1149,1025,89.20800696257616
3012100,298,252,84.56375838926175
3115600,1126,1024,90.94138543516874
3094402,957,750,78.36990595611285
3076600,493,414,83.97565922920892
3004700,532,532,100.0
3068800,315,279,88.57142857142857
3028502,811,631,77.80517879161529
3042900,1139,953,83.66988586479368
3000900,612,612,100.0
3055400,1099,1057,96.17834394904459
3038800,1187,1169,98.48357203032856
3053200,677,563,83.16100443131462
3038900,538,508,94.42379182156134
3051500,372,360,96.7741935483871
3102400,574,536,93.37979094076655
3073600,808,795,98.39108910891089
3057800,701,586,83.59486447931526
3067200,400,334,83.5
3029900,769,644,83.74512353706112
3059800,940,861,91.59574468085107
3075400,428,401,93.69158878504673
3031701,574,486,84.66898954703834
3028900,835,717,85.8682634730539
3035300,892,829,92.9372197309417
3065400,265,254,95.84905660377359
3061200,179,179,100.0
3013000,1306,1245,95.32924961715162
3055000,702,694,98.86039886039886
3011900,153,134,87.58169934640523
3058400,577,569,98.61351819757365
3070600,857,823,96.03267211201867
3011800,453,421,92.93598233995584
3014800,287,258,89.89547038327527
3034200,1475,1198,81.22033898305084
3041300,1144,1048,91.6083916083916
3026100,845,427,50.53254437869823
3006700,766,754,98.43342036553526
3056800,290,290,100.0
3060000,1296,1296,100.0
3026800,780,733,93.97435897435898
3064000,515,486,94.36893203883496
